timestamp,roll,pitch,yaw
1569408142506030.0,0.9012494069035124,0.29444764788518524,1.6036441620896298
1569408142529006.0,0.9000162032304759,0.2940555059419413,1.604347826691099
1569408142544266.0,0.8998617269480185,0.2938484888125668,1.6044112693667236
1569408142567918.0,0.8993924209636932,0.2935745949976009,1.6047372931337733
1569408142588807.0,0.8992434339530678,0.29336301682464516,1.6047943264023619
1569408142604139.0,0.898922603226384,0.2931149129401581,1.6050163094263081
1569408142628037.0,0.898789892973036,0.2929071440585298,1.6050632939213902
1569408142681558.0,0.8985478293036767,0.29267749872249366,1.6052279579435975
1569408142681558.0,0.8984422706578247,0.29248025500210495,1.6052609786254002
1569408142691494.0,0.8982602916922712,0.2922694657013984,1.605385001804371
1569408142709723.0,0.8981832493566291,0.29208559077972257,1.6054045708977907
1569408142725405.0,0.8980450849838381,0.2918917090588548,1.6054991155324019
1569408142755355.0,0.8979872541186529,0.2917196479383319,1.6055084816125174
1569408142791653.0,0.8978751698543385,0.29153896645047717,1.6055822374320279
1569408142801613.0,0.8978258731858713,0.2913762076919724,1.6055848241208788
1569408142807311.0,0.8977293452271445,0.2912059835700068,1.605643655906808
1569408142829567.0,0.8976855660540392,0.2910511646714648,1.605641228312618
1569408142845084.0,0.8976012523567558,0.29089007881989887,1.6056881125221705
1569408142875046.0,0.8975623563000986,0.2907425873378457,1.6056814564106598
1569408142890008.0,0.8974879574131717,0.2905898841869353,1.6057190135228592
1569408142912902.0,0.8974531113423365,0.2904494401307305,1.6057095432202595
1569408142935842.0,0.8973868521142407,0.29030456488408124,1.6057398774157787
1569408142958781.0,0.8973555933465537,0.2901707178403798,1.605728174505008
1569408142980760.0,0.897296308190627,0.29003300645278424,1.60575248166951
1569408142995681.0,0.8972683013137887,0.2899052752308562,1.605738933932557
1569408143009644.0,0.8972150801199622,0.2897741320083247,1.6057581820163533
1569408143032583.0,0.8971900418135148,0.2896520667840309,1.6057431303181964
1569408143055522.0,0.8971421608106828,0.289526956747674,1.6057581146935191
1569408143070483.0,0.8971198532300387,0.289410139328444,1.6057418586096392
1569408143093420.0,0.8970767307667911,0.289290579064464,1.6057532420311678
1569408143115397.0,0.8970569572640461,0.2891786205454739,1.6057360454414973
1569408143129323.0,0.8970181242941949,0.28906416935306173,1.6057443868364103
1569408143153302.0,0.8970007270587154,0.2889567050890281,1.6057264829292799
1569408143175202.0,0.8969658087973299,0.2888469512929924,1.605732258633482
1569408143196147.0,0.8969505800790126,0.28874369391285337,1.6057138542708915
1569408143214098.0,0.896918910670404,0.2886385431603914,1.605717474024689
1569408143235084.0,0.8969051939952324,0.28853964805759064,1.6056987534625484
1569408143255987.0,0.8968761376375315,0.28843912853676335,1.6057005725451299
1569408143272940.0,0.896863749527967,0.28834445403399317,1.6056817002978951
1569408143295879.0,0.8968370968847865,0.2882483220641335,1.6056820276275168
1569408143318816.0,0.8968258569878272,0.28815758919518236,1.6056630489043142
1569408143332785.0,0.8968010678720856,0.28806537171987173,1.6056618602835306
1569408143356757.0,0.8967905477671335,0.2879781149271066,1.6056426180355872
1569408143376665.0,0.8967672239544344,0.2878894139632628,1.6056399619537154
1569408143392619.0,0.8967570040773332,0.28780518242315845,1.6056202827788721
1569408143415560.0,0.8967346317567966,0.28771950734711654,1.605616083938282
1569408143437542.0,0.8967245294590321,0.2876379930396812,1.6055959826595112
1569408143452461.0,0.8967029812048762,0.2875551180939611,1.6055904299425856
1569408143475434.0,0.8966929449343243,0.2874761226675457,1.6055699968392065
1569408143504321.0,0.896672104191517,0.28739583812781705,1.6055632495448826
1569408143513297.0,0.8966620786299112,0.28731916512807665,1.6055425593391977
1569408143535238.0,0.8966419513569128,0.28724133368009364,1.6055348557000872
1569408143556184.0,0.8966323722827303,0.2871671140566362,1.6055143661532885
1569408143573138.0,0.8966136121789597,0.28709206592596986,1.6055064067998404
1569408143595080.0,0.8966049544717567,0.2870205194602937,1.6054865460952161
1569408143618018.0,0.8965876244726441,0.286948218843865,1.6054785171322457
1569408143632979.0,0.8965798698524687,0.2868792263640368,1.6054593215980868
1569408143654919.0,0.896563915063999,0.28680954186802626,1.6054513106548436
1569408143677859.0,0.8965570525441926,0.2867429830059435,1.605432819554283
1569408143692820.0,0.8965424318789487,0.28667578818706996,1.6054249111162138
1569408143715756.0,0.8965364610353141,0.2866115479196788,1.605407165315003
1569408143737698.0,0.8965231481075576,0.28654672309763946,1.6053994412626769
1569408143752698.0,0.89651808012383,0.2864846924508744,1.6053824834650805
1569408143782582.0,0.896506063717185,0.28642212469259276,1.6053750239953166
1569408143797537.0,0.8965019224136542,0.2863622006225573,1.6053588991820085
1569408143820477.0,0.8964912073963831,0.28630178363536823,1.6053517836263425
1569408143841463.0,0.8964880311074851,0.2862438694973511,1.605336539242204
1569408143858408.0,0.8964786417924855,0.28618550677061605,1.6053298457216898
1569408143880316.0,0.8964763667608041,0.2861294388684157,1.6053154300038974
1569408143901261.0,0.896467851961453,0.2860727031018126,1.6053088403285343
1569408143918216.0,0.896465716154549,0.28601797012575947,1.605294719591418
1569408143940157.0,0.8964572836561487,0.28596281166094145,1.6052879400715487
1569408143961128.0,0.8964546763586841,0.28590976117691824,1.6052741182371153
1569408143978057.0,0.8964459514151419,0.285856339515169,1.6052672773681618
1569408143999998.0,0.8964428227830147,0.28580500010325277,1.6052538053157321
1569408144021938.0,0.8964338971716477,0.2857534689991463,1.605246924046897
1569408144037895.0,0.896430341369056,0.28570396908348444,1.6052338089606912
1569408144060833.0,0.8964211221747276,0.2856542265944398,1.6052268417265192
1569408144081779.0,0.8964167866605143,0.28560623458198936,1.6052138308824944
1569408144097736.0,0.8964070131075541,0.2855579979178638,1.6052066462237626
1569408144120674.0,0.8964021425306024,0.28551156341090583,1.6051939808745768
1569408144142645.0,0.8963921789225121,0.28546498669672205,1.6051869257438927
1569408144148644.0,0.8963869021458484,0.28542011063363837,1.605174733731389
1569408144163560.0,0.8963767347644674,0.2853751024242382,1.6051678538500298
1569408144185501.0,0.8963710445776167,0.2853316915270811,1.6051561651552095
1569408144208444.0,0.8963606515877688,0.28528815267523017,1.6051495051064306
1569408144223399.0,0.8963545342096283,0.2852461052441403,1.6051383493456979
1569408144246372.0,0.8963437988838999,0.2852039974376711,1.6051319625566132
1569408144268316.0,0.8963368668444615,0.2851635020958281,1.6051214089295671
1569408144283240.0,0.8963251928819488,0.2851231818095537,1.6051153969403118
1569408144306216.0,0.8963170254128231,0.2850844678895876,1.6051055143350226
1569408144337096.0,0.8963042488400875,0.2850459379041963,1.6050999294474249
1569408144343156.0,0.8962947751153012,0.2850089282402207,1.6050907495894717
1569408144366032.0,0.8962808074270885,0.2849721062626259,1.6050856362098667
1569408144387960.0,0.8962699356267058,0.28493671973272744,1.6050771936383934
1569408144402919.0,0.8962546654176092,0.2849015221945858,1.6050725984131085
1569408144425859.0,0.8962422780726427,0.2848676766774888,1.6050649307949978
1569408144448797.0,0.8962255661932595,0.2848340190278984,1.6050609029312302
1569408144463760.0,0.8962115116872291,0.28480162980420454,1.6050540508147941
1569408144485698.0,0.8961935462424505,0.2847694911652916,1.6050505318586497
1569408144508636.0,0.8961791995523883,0.28473862439218905,1.6050441038685883
1569408144523598.0,0.8961622763374978,0.28470796106694113,1.6050404997533936
1569408144545568.0,0.8961491581348205,0.284678552153184,1.6050341138615813
1569408144568479.0,0.8961333769585846,0.28464959171541593,1.6050303731384206
1569408144583438.0,0.8961211314806105,0.28462194556244763,1.605024072395209
1569408144606376.0,0.8961062807138089,0.2845947506814908,1.6050202412808474
1569408144628318.0,0.896094781928663,0.2845688024800893,1.6050140602917957
1569408144643316.0,0.8960807346111734,0.28454330512002834,1.605010177312667
1569408144666218.0,0.8960698643554689,0.28451898854279667,1.6050041439965894
1569408144688159.0,0.8960565010553241,0.28449512170483576,1.6050002410514024
1569408144705112.0,0.8960461479995091,0.2844723717872637,1.6049943774374988
1569408144726058.0,0.896033355788064,0.28445007001492606,1.6049904804597954
1569408144747997.0,0.8960234142518103,0.2844288231429531,1.6049848032227882
1569408144764951.0,0.8960110854192316,0.284408022188265,1.6049809326567843
1569408144785928.0,0.8960014540348629,0.2843882156203629,1.6049754535027687
1569408144808834.0,0.8959894847089653,0.2843688518622506,1.60497162465248
1569408144824793.0,0.8959800650291101,0.2843504230909038,1.6049663505936234
1569408144845736.0,0.8959683537591796,0.28433243284794957,1.6049625738698599
1569408144868674.0,0.8959590488421539,0.2843153188832078,1.6049575074051627
1569408144884631.0,0.8959474951654308,0.28429863766672897,1.6049537884825325
1569408144905614.0,0.8959382081442187,0.2842827742696698,1.6049489276935027
1569408144928552.0,0.8959267111341961,0.28426733599312903,1.6049452675839004
1569408144944473.0,0.8959173437633319,0.2842526568684848,1.604940606149613
1569408144965416.0,0.8959058005521976,0.2842383930178518,1.6049370011953092
1569408144988355.0,0.8958962517247032,0.2842248289674691,1.6049325283285378
1569408145004313.0,0.8958845559962283,0.284211667731209,1.6049289701158442
1569408145026281.0,0.895874720236974,0.28419914576381405,1.6049246704201139
1569408145048195.0,0.8958627607279018,0.2841870111065413,1.6049211456139008
1569408145066147.0,0.895852526771306,0.2841754534673331,1.604916998861764
1569408145086135.0,0.8958401863166199,0.2841642639271399,1.604913488971876
1569408145108074.0,0.8958293444947294,0.28415366157787103,1.6049094797196626
1569408145125987.0,0.8958161252388003,0.28414363088594563,1.6049060003940339
1569408145145934.0,0.8958041042639657,0.2841344337264592,1.60490225620506
1569408145170867.0,0.8957899800273594,0.28412611583186537,1.6048992132002122
1569408145185826.0,0.8957772849879135,0.2841188243862405,1.6048963024470484
1569408145205811.0,0.8957626031413397,0.2841124787754796,1.6048940615848988
1569408145228756.0,0.8957492022067028,0.2841071028209379,1.6048920534825288
1569408145246665.0,0.8957337941829187,0.28410265649035205,1.60489059283584
1569408145265660.0,0.8957195129603865,0.28409912626464434,1.6048894657246255
1569408145288553.0,0.8957031940523924,0.28409651173448197,1.6048887705629342
1569408145306548.0,0.895687841265493,0.28409476319501403,1.6048885098385646
1569408145325454.0,0.8956704085193857,0.28409391856992866,1.604888572137367
1569408145348392.0,0.8956537725636701,0.2840938929385352,1.6048891699662875
1569408145366375.0,0.8956350003397746,0.284094761193809,1.6048899882833723
1569408145386291.0,0.8956168419548084,0.2840964038423791,1.6048914436918502
1569408145408233.0,0.8955969172005062,0.2840988735219938,1.6048929149158486
1569408145426184.0,0.8955787612262947,0.2841019029861474,1.6048947988863829
1569408145449124.0,0.8955601247944724,0.28410558132907804,1.6048962796327495
1569408145468117.0,0.8955434523483595,0.28410980018205617,1.604898170793044
1569408145486024.0,0.8955259848237184,0.28411493817207295,1.6048995847244731
1569408145506008.0,0.8955099647133333,0.28412086582409285,1.6049014008960338
1569408145527911.0,0.8954927034065061,0.2841276472995714,1.6049024759010102
1569408145545899.0,0.8954765341680544,0.28413495991093324,1.604904133479639
1569408145565812.0,0.8954592592234796,0.2841431384681805,1.6049051784706143
1569408145588750.0,0.8954432078316878,0.2841519350085369,1.6049070597160517
1569408145606736.0,0.8954262220692908,0.2841615183612074,1.6049084776350393
1569408145625687.0,0.8954104875585739,0.2841715323563925,1.604910786705015
1569408145648620.0,0.8953937874335792,0.28418230257625887,1.6049122304010708
1569408145666542.0,0.8953782426112816,0.2841934153279441,1.6049144750124513
1569408145687524.0,0.8953618560563257,0.2842051269265133,1.6049157358374984
1569408145708459.0,0.8953464733263098,0.2842171503127176,1.6049178587652246
1569408145726382.0,0.8953299994191631,0.2842299161877671,1.604918916033692
1569408145747326.0,0.8953144056950103,0.2842431181607137,1.604920997261979
1569408145768613.0,0.8952979368661722,0.284257381126046,1.6049222149392095
1569408145786224.0,0.8952823875167767,0.28427243632424004,1.6049248235296694
1569408145807254.0,0.8952659285892529,0.2842886856812633,1.6049265775460313
1569408145829318.0,0.8952502373647095,0.2843056808557926,1.6049297723062155
1569408145847194.0,0.8952335655772253,0.2843238537314279,1.6049320146776827
1569408145867480.0,0.895217508370268,0.2843427331563445,1.604935746007352
1569408145888424.0,0.8952003948888774,0.2843627780105714,1.6049384293560354
1569408145906437.0,0.8951837400403304,0.28438349442490674,1.6049426483000915
1569408145927737.0,0.8951659468621233,0.2844053671497018,1.6049457254987003
1569408145948679.0,0.8951484517560362,0.2844278799407475,1.6049503830735496
1569408145967029.0,0.8951297281342715,0.2844515425269591,1.604953806508303
1569408145987580.0,0.8951111354763325,0.28447581669350364,1.6049588529155523
1569408146008967.0,0.8950912140622054,0.2845012363445036,1.6049625736812982
1569408146026501.0,0.8950712478746687,0.2845272417186136,1.6049679574774367
1569408146049436.0,0.8950498405600421,0.2845543901461878,1.6049719245327183
1569408146068795.0,0.8950282018539774,0.2845821007491985,1.604977591760141
1569408146086313.0,0.8950049952633835,0.2846109535778682,1.6049817510401234
1569408146109719.0,0.8949813573273636,0.2846403470672671,1.6049876443126596
1569408146128635.0,0.894956007891933,0.2846708833187453,1.6049919377914201
1569408146147209.0,0.8949300111230668,0.2847019405075625,1.6049979953250566
1569408146169092.0,0.8949021396565107,0.28473414215326315,1.6050023600184113
1569408146189311.0,0.8948733858462737,0.28476684659428225,1.6050085145999307
1569408146206396.0,0.8948425715278338,0.2848006981724347,1.605012881504725
1569408146228937.0,0.8948106174959075,0.2848350358061997,1.6050190594004905
1569408146248877.0,0.894776391140156,0.28487052410936115,1.605023352383284
1569408146267203.0,0.8947407415716276,0.2849064829820777,1.60502947222379
1569408146289809.0,0.8947025780056351,0.2849435968573606,1.6050336069353515
1569408146309138.0,0.894662677230179,0.2849811669443974,1.6050395787597849
1569408146326671.0,0.8946199863515001,0.2850198980147536,1.6050434620008356
1569408146348611.0,0.8945752237351575,0.28505912124260235,1.6050491782260847
1569408146369038.0,0.8945277252635531,0.28509950858504307,1.6050524742402317
1569408146386510.0,0.8944789118073135,0.2851401834296652,1.6050570733161833
1569408146409746.0,0.8944283820928732,0.285181927258903,1.6050588168628923
1569408146428837.0,0.8943768297793023,0.285224072480313,1.6050619320819244
1569408146446350.0,0.8943233181979909,0.285267376947736,1.6050621519448764
1569408146474361.0,0.8942683461811783,0.2853110752230376,1.6050636989695921
1569408146488239.0,0.8942116168022918,0.2853559498512233,1.6050623408761762
1569408146507228.0,0.8941553152885001,0.28540128102122136,1.6050625451836793
1569408146529130.0,0.8941007999971607,0.2854480558212354,1.605059826129841
1569408146556539.0,0.8940499434478354,0.28549575071137095,1.6050587398225318
1569408146567163.0,0.8940024003615009,0.28554530727343824,1.6050548462649041
1569408146589031.0,0.8939586129371493,0.2855957738571846,1.6050526478028
1569408146609978.0,0.8939179527273949,0.28564784238435714,1.6050474534650887
1569408146626866.0,0.8938815301996289,0.2857012386402251,1.6050436965417645
1569408146649317.0,0.8938511832369398,0.285758037933597,1.6050361651991616
1569408146670796.0,0.893829740201347,0.2858181616606064,1.60502915987444
1569408146685599.0,0.8938175725313271,0.2858825284357937,1.6050176596906482
1569408146708063.0,0.8938143904196791,0.2859498854328158,1.6050067341627134
1569408146729452.0,0.8938174411824624,0.28602007927813006,1.6049924113618983
1569408146745959.0,0.8938228510815972,0.2860910759730675,1.604980614877361
1569408146768139.0,0.8938255765589035,0.28616335434424306,1.6049667768229254
1569408146789280.0,0.8938221387143854,0.2862361230616598,1.6049561239569081
1569408146805799.0,0.8938100977994702,0.2863099995514821,1.6049440280667924
1569408146834953.0,0.8937889026337827,0.28638356688390365,1.6049360274535702
1569408146848683.0,0.8937581312434552,0.28645759566996226,1.604927075929508
1569408146865643.0,0.8937182977280216,0.2865311865098032,1.6049224462503686
1569408146887962.0,0.8936705401202232,0.2866050622551338,1.6049173616974157
1569408146909937.0,0.8936176200960678,0.2866780110339143,1.604917689169859
1569408146926515.0,0.8935622751626469,0.2867508450635022,1.6049185182203394
1569408146948416.0,0.8935063244886187,0.28682250571378604,1.6049251307507704
1569408146970581.0,0.8934498416312023,0.28689389980200225,1.604932013274129
1569408146985658.0,0.8933927305660522,0.2869641152036743,1.6049445293406457
1569408147008258.0,0.8933343007041703,0.2870341257670652,1.6049573100371404
1569408147030637.0,0.8932735759878266,0.28710286101988264,1.6049759145896971
1569408147045633.0,0.8932096325186313,0.28717114323926723,1.6049947339778705
1569408147068098.0,0.8931421545231242,0.287237947963473,1.605019215197143
1569408147090504.0,0.8930708284334268,0.28730429294496096,1.6050437953690309
1569408147113975.0,0.8929954040656942,0.28736921565293605,1.6050741096578323
1569408147128953.0,0.8929155984057561,0.2874339045929051,1.605104649049202
1569408147151428.0,0.8928310372558576,0.2874975884802921,1.6051412453088127
1569408147164910.0,0.8927415716751566,0.28756138292916605,1.6051780618697735
1569408147188915.0,0.8926482351515699,0.2876244970218794,1.6052205617566668
1569408147210787.0,0.8925532816817584,0.28768832266169725,1.6052627852617742
1569408147224967.0,0.8924591188644394,0.28775227922469415,1.6053102713289384
1569408147248103.0,0.8923682761204681,0.28781788654289225,1.6053567619040883
1569408147270537.0,0.8922825666821455,0.2878844561067929,1.6054078744451923
1569408147284902.0,0.892203062649325,0.2879531688881207,1.6054574557033765
1569408147308434.0,0.8921300300304558,0.28802298844729635,1.605511091866435
1569408147330901.0,0.8920629628093998,0.288094828861607,1.6055624723662305
1569408147344864.0,0.8919995850378222,0.2881677180269881,1.6056168785539957
1569408147368083.0,0.8919379047997907,0.28824326389548566,1.6056674326732931
1569408147391104.0,0.8918766927304156,0.2883207291190031,1.6057199479327409
1569408147405067.0,0.8918158538551426,0.28840111477859726,1.605768550782017
1569408147428459.0,0.8917549819602659,0.2884831997567219,1.605819755821349
1569408147450547.0,0.8916939786198887,0.2885678814011599,1.605867535564226
1569408147472478.0,0.891632094230688,0.28865385151251355,1.6059179754883681
1569408147488303.0,0.8915692224639876,0.2887420916867534,1.605964816772326
1569408147510273.0,0.8915048317824122,0.28883146986759317,1.6060143953132855
1569408147531215.0,0.8914389561525704,0.28892305401841,1.606060484994378
1569408147548143.0,0.8913710280892976,0.28901569919998227,1.606109482724986
1569408147570327.0,0.8913010905433548,0.28911048109555376,1.6061550981566877
1569408147592280.0,0.8912285995219151,0.2892061911574099,1.6062036350576572
1569408147608111.0,0.8911537233187634,0.28930382834271806,1.6062484139321842
1569408147630944.0,0.8910758778478113,0.28940220149487483,1.6062957763592518
1569408147653139.0,0.8909951064969056,0.2895024290720114,1.6063392819279214
1569408147668126.0,0.8909107395778182,0.2896034041910278,1.6063854887119389
1569408147690787.0,0.8908228287204432,0.28970628283434413,1.6064278873698892
1569408147712156.0,0.8907306738444997,0.28980985917410323,1.6064732332502087
1569408147728070.0,0.8906343720503381,0.28991525129896395,1.6065152546743495
1569408147750628.0,0.8905330673947474,0.290021201521117,1.6065606865668987
1569408147772083.0,0.8904265071665165,0.2901286823198244,1.6066027035784411
1569408147788896.0,0.8903137371169826,0.2902364487876718,1.6066479310963233
1569408147810655.0,0.8901947203948253,0.2903456614032206,1.606689670188477
1569408147831502.0,0.8900685675830953,0.2904551389073324,1.6067347024995446
1569408147847746.0,0.889935104881926,0.29056612469320375,1.6067762682701177
1569408147871474.0,0.8897931923298911,0.2906775546170688,1.6068212043221433
1569408147893335.0,0.8896426025060531,0.29079062530984856,1.6068626916231952
1569408147908295.0,0.8894821830582279,0.2909040038130788,1.6069075265375432
1569408147930665.0,0.8893114835264974,0.2910186856990895,1.6069486267702349
1569408147953163.0,0.8891292695340212,0.2911333834188555,1.6069928271748075
1569408147968123.0,0.8889352588286601,0.29124927939079015,1.6070331747196773
1569408147991090.0,0.8887282465311886,0.29136514781241035,1.6070766567816972
1569408148013003.0,0.8885078724508296,0.2914822248625763,1.607116259538738
1569408148027964.0,0.8882728598655143,0.29159935847999513,1.6071590202850663
1569408148050902.0,0.8880227404510841,0.2917177591350651,1.607197863094212
1569408148072843.0,0.8877560862182647,0.2918361589786425,1.6072398743668301
1569408148087835.0,0.8874722898409083,0.29195573784202483,1.6072779168486675
1569408148110741.0,0.8871697913139652,0.29207522998689656,1.6073191264166582
1569408148132880.0,0.8868478457263782,0.2921958441519308,1.6073563095042207
1569408148147643.0,0.8865048240136562,0.2923165288581303,1.607396462845053
1569408148170582.0,0.8861407458986383,0.2924388865974776,1.6074318706570927
1569408148192551.0,0.8857557969120444,0.2925618334406858,1.6074693253848873
1569408148207483.0,0.885350598627592,0.2926865221058309,1.6075012112559566
1569408148230422.0,0.8849235676738486,0.29281158613387837,1.6075346568893354
1569408148253363.0,0.8844738770805601,0.2929381343874281,1.6075622695053344
1569408148267324.0,0.8840007476411392,0.2930643922352624,1.607591600480311
1569408148290262.0,0.8835050883224598,0.2931909329280929,1.6076155864526898
1569408148313200.0,0.882986964075304,0.2933164686574429,1.6076416724779663
1569408148327163.0,0.8824478357497011,0.2934427413368974,1.6076623125694047
1569408148350114.0,0.881889093099881,0.293569061726208,1.6076849995073084
1569408148373043.0,0.8813141469990639,0.29369730428849367,1.6077023758763618
1569408148387052.0,0.8807268993695788,0.2938265542614914,1.6077224809403208
1569408148410940.0,0.8801340995233593,0.29395842303299813,1.607738426800994
1569408148432881.0,0.8795428695217096,0.294092169121229,1.607758417369794
1569408148453825.0,0.8789624522971694,0.2942295116458179,1.6077756676341608
1569408148470779.0,0.87840008289352,0.2943696045298137,1.607798540659378
1569408148492724.0,0.8778617379247119,0.294514561530212,1.6078197288323504
1569408148521643.0,0.8773496056930942,0.2946638888153365,1.6078469634309298
1569408148530621.0,0.8768652392860464,0.2948190855544374,1.6078725572052466
1569408148552561.0,0.8764069775054438,0.2949786500718049,1.6079042435060427
1569408148574501.0,0.8759735425178028,0.2951437418821437,1.6079343740276555
1569408148590460.0,0.8755614352465716,0.2953129676252128,1.6079708230466065
1569408148613412.0,0.8751694429554353,0.2954875013435643,1.6080058451698347
1569408148634342.0,0.8747949194788576,0.29566577724607085,1.608047070877033
1569408148651326.0,0.8744372039757488,0.29584892972353927,1.6080864986604513
1569408148673238.0,0.8740938267827401,0.2960355572550427,1.6081318985404873
1569408148694182.0,0.873764550828733,0.2962270370675144,1.6081752867138437
1569408148710140.0,0.8734471199539008,0.2964221636082178,1.6082243833470184
1569408148733079.0,0.8731414857554364,0.29662226892365634,1.6082711555502864
1569408148756020.0,0.8728456145699988,0.2968259451125259,1.6083235093401467
1569408148769979.0,0.8725607290152364,0.2970346685148161,1.6083736586526436
1569408148792920.0,0.8722862773108319,0.29724747948833014,1.6084297989133696
1569408148813861.0,0.8720241693358489,0.29746600108747573,1.608483918524635
1569408148830821.0,0.871772616531757,0.2976888581019475,1.6085439364166643
1569408148852889.0,0.8715324370170413,0.29791730346493683,1.6086016655645168
1569408148875725.0,0.8713026323858061,0.29814998310230995,1.6086650368137436
1569408148890657.0,0.8710851769421539,0.2983883374405156,1.60872609019402
1569408148912598.0,0.8708781244129264,0.2986309997826194,1.608793044525549
1569408148935536.0,0.8706825019698862,0.29887930494330917,1.6088576506153653
1569408148951495.0,0.8704965719239687,0.29913187648926787,1.6089278080794216
1569408148973446.0,0.8703215099632388,0.29939007420906666,1.6089952016687816
1569408148995382.0,0.8701548698899892,0.29965250249766257,1.609067982303878
1569408149009350.0,0.8699976431282702,0.2999205390852908,1.6091379037750124
1569408149033279.0,0.8698476023475861,0.30019281503314993,1.609213255419311
1569408149055222.0,0.8697063133137892,0.30047074799188195,1.6092859535996027
1569408149070182.0,0.8695715228947815,0.3007529775522988,1.6093643529268478
1569408149093116.0,0.8694445041244525,0.30104093438510476,1.6094401393512752
1569408149115060.0,0.8693227870374384,0.3013332743847887,1.6095216051214987
1569408149130018.0,0.8692081871972974,0.3016314790065308,1.6096004252752418
1569408149152955.0,0.8690995972564192,0.3019344400537638,1.6096851002950738
1569408149175893.0,0.8690007057846032,0.3022440083906789,1.609767450490336
1569408149189856.0,0.8689113589770795,0.30255913583156735,1.6098558819454056
1569408149212795.0,0.8688350525776937,0.30288147947799055,1.6099418184167278
1569408149235733.0,0.8687698523774017,0.30320970103875344,1.610033617675087
1569408149249697.0,0.8687175384722936,0.3035451967265838,1.6101228000354773
1569408149272664.0,0.8686755652701317,0.30388656711464024,1.610217835705869
1569408149295574.0,0.8686460109859829,0.3042353097597439,1.610310295658349
1569408149309536.0,0.868626274429035,0.30458980033697364,1.6104089080651671
1569408149333475.0,0.8686179775126003,0.30495102131127794,1.6105052470179446
1569408149355415.0,0.8686183094195766,0.3053174722828596,1.6106079006490308
1569408149376359.0,0.8686295437920767,0.3056907666553555,1.6107082784807696
1569408149393313.0,0.8686491730850411,0.3060696156109897,1.6108149994083785
1569408149415256.0,0.8686796083448819,0.30645561102294533,1.610919426964728
1569408149436222.0,0.8687184700947955,0.30684755594360436,1.611030316486868
1569408149453154.0,0.8687685446285297,0.30724716541027075,1.6111391962628991
1569408149476105.0,0.8688274393812866,0.3076531361597502,1.611254897482862
1569408149497046.0,0.8688977011301442,0.3080668982105618,1.611368627674197
1569408149512994.0,0.8689768062814635,0.3084869751746952,1.6114890373216524
1569408149535965.0,0.8690678681171287,0.3089149071198203,1.6116074488972412
1569408149556876.0,0.8691685867133042,0.30934937575213584,1.6117327700778532
1569408149572834.0,0.8692818641714616,0.3097919108685579,1.6118562186638545
1569408149595773.0,0.8694046702087376,0.31024093307669054,1.6119866770392446
1569408149616717.0,0.8695385438146896,0.3106975076372852,1.6121153671479418
1569408149632699.0,0.8696789417166918,0.31115964025665943,1.612251295999318
1569408149655614.0,0.8698269594805398,0.3116283605061292,1.6123858860218139
1569408149676566.0,0.869978003804371,0.3121022608079143,1.6125283880292058
1569408149692514.0,0.8701335999718498,0.31258320265098244,1.6126698461743274
1569408149715452.0,0.8702903297692132,0.31306989050123435,1.6128191283025852
1569408149744374.0,0.8704504749843142,0.31356370052352234,1.612967226636482
1569408149753351.0,0.8706095959975387,0.3140630751541503,1.6131231306235145
1569408149775291.0,0.8707688095404652,0.3145695169979204,1.6132775866304445
1569408149798244.0,0.8709240051939473,0.31508183400847906,1.6134393629340806
1569408149813192.0,0.8710781816734984,0.31560204572336303,1.6135992871254554
1569408149835132.0,0.871228655182916,0.31612921241283715,1.6137665373790249
1569408149858072.0,0.871378977178457,0.3166652515311017,1.6139321579368697
1569408149873031.0,0.8715259154372889,0.3172089863632204,1.6141052928009412
1569408149895970.0,0.871671397034739,0.31776218549748914,1.6142762669038075
1569408149917910.0,0.8718118776772166,0.31832376952350466,1.6144541313652137
1569408149938865.0,0.8719508163144705,0.3188954621894599,1.6146299027874573
1569408149955827.0,0.8720854282804361,0.31947601227756867,1.6148129768483346
1569408149977756.0,0.8722193661428376,0.32006731336103406,1.6149940952283206
1569408150000689.0,0.8723499314213368,0.32066823852811505,1.6151825966691329
1569408150015650.0,0.8724807070850864,0.3212806265011913,1.6153692170617913
1569408150037591.0,0.8726087482810196,0.3219032252018929,1.615563304900943
1569408150052551.0,0.8727374218072135,0.3225376918579807,1.615755479318336
1569408150075490.0,0.8728637607947638,0.3231828694316867,1.6159552832119235
1569408150098440.0,0.8729912636716455,0.32384076270871387,1.6161533452417762
1569408150112391.0,0.8731168166924254,0.32451039055932857,1.6163592202738082
1569408150135332.0,0.8732439265522836,0.3251936618962472,1.6165634898069292
1569408150158297.0,0.87336899086865,0.32588944772122536,1.6167756454951727
1569408150172233.0,0.8734944710925946,0.3265996825129839,1.6169859284603623
1569408150195174.0,0.8736167249750258,0.32732322444554446,1.61720375327021
1569408150218113.0,0.873739211078475,0.32806185775719315,1.6174193493494413
1569408150232072.0,0.8738587718904811,0.32881443493269663,1.617642301329307
1569408150255011.0,0.8739785697389062,0.3295827523899227,1.617862971511855
1569408150277949.0,0.8740945740621214,0.3303656116440826,1.6180911273178804
1569408150292908.0,0.8742100711535172,0.3311650864289423,1.618317071052611
1569408150315847.0,0.8743219875357945,0.33198026568358674,1.6185506062660457
1569408150337789.0,0.8744340334049048,0.3328132277311535,1.618781952072548
1569408150359737.0,0.8745429487512411,0.3336631053441456,1.6190209622613474
1569408150375694.0,0.8746521678422954,0.3345319714468329,1.6192578237473745
1569408150397635.0,0.8747582207692617,0.3354187532804588,1.6195025488727355
1569408150419580.0,0.8748647549256748,0.33632556217144177,1.6197452658856761
1569408150435528.0,0.8749684293941157,0.33725164583307893,1.6199959571558968
1569408150465450.0,0.875072677821521,0.33819921034359113,1.620244538269362
1569408150479418.0,0.8751738980141239,0.3391673240881334,1.620500856757088
1569408150495368.0,0.8752757746026677,0.34015824679963375,1.6207546974154634
1569408150518306.0,0.8753750562714349,0.3411712771986216,1.6210160991740026
1569408150539250.0,0.8754760727914023,0.3422085977120081,1.6212748888059982
1569408150556205.0,0.8755768194814563,0.34326932508209435,1.621541320962031
1569408150578148.0,0.8756822613907327,0.344355773932105,1.6218052474770341
1569408150599090.0,0.8757891605852827,0.3454672345078802,1.6220768177605434
1569408150615048.0,0.8759009464515277,0.34660613516060484,1.622345457163085
1569408150637986.0,0.8760138786095424,0.3477720152484552,1.6226213026296121
1569408150658934.0,0.8761317247008624,0.3489674109563526,1.6228938579594399
1569408150675924.0,0.8762509094998753,0.35019169436189984,1.6231733140893965
1569408150697828.0,0.8763751087033196,0.3514473864723542,1.6234488424796019
1569408150718818.0,0.8765007835614479,0.352734096667281,1.6237306344792108
1569408150735725.0,0.8766318080873539,0.35405439211852024,1.6240079552567135
1569408150757665.0,0.8767645324747151,0.355407768731748,1.6242912520510084
1569408150780631.0,0.8769028784631723,0.3567970074071342,1.6245696823136342
1569408150795567.0,0.8770433659829435,0.3582219154736964,1.624853651377129
1569408150817506.0,0.8771899159734368,0.3596853015685216,1.6251320315256383
1569408150840448.0,0.8773387943947372,0.3611869603522855,1.6254150489743096
1569408150855406.0,0.8774939986794542,0.362729951314181,1.6256913690773866
1569408150878345.0,0.8776519391536461,0.3643144484702529,1.6259714209087868
1569408150900415.0,0.8778165997511589,0.36594370634883994,1.6262438071860257
1569408150915245.0,0.8779842678480156,0.36761776817736436,1.6265188873292842
1569408150938184.0,0.8781589894757511,0.36933978756551217,1.6267849861280623
1569408150960162.0,0.8783372485521901,0.37111006940273167,1.6270527415924823
1569408150975085.0,0.8785233851697872,0.3729320433707522,1.627310523366939
1569408150998024.0,0.8787137560369112,0.37480603104991733,1.627568734043813
1569408151020979.0,0.8789124804150804,0.3767355072529306,1.627815144572922
1569408151034926.0,0.8791159483820936,0.37872109567546053,1.628060085808271
1569408151065843.0,0.8793286077361357,0.380766615457583,1.6282912472830513
1569408151087787.0,0.8795469620889191,0.3828728881409058,1.6285190417856665
1569408151094765.0,0.87977552316632,0.3850439047902921,1.6287308862001315
1569408151117704.0,0.8800106947326043,0.38728074142114316,1.628937157071297
1569408151140645.0,0.8802567636963753,0.38958754169835624,1.6291248881320666
1569408151154606.0,0.8805099412364366,0.3919653813853715,1.6293041993693034
1569408151177554.0,0.8807748343478076,0.3944186027307093,1.6294617277416732
1569408151200482.0,0.8810480150032404,0.3969486736477039,1.6296076536916269
1569408151214450.0,0.8813343131676086,0.3995602544316704,1.629728305464579
1569408151238382.0,0.8816303805920331,0.4022550267138704,1.629833847122992
1569408151260323.0,0.8819411843439304,0.4050377054796918,1.6299105062716128
1569408151281271.0,0.8822632023788292,0.4079100490954665,1.6299683401119922
1569408151298223.0,0.8826012286076518,0.4108771903879593,1.6299926478833902
1569408151320162.0,0.882951762198558,0.41394158289733257,1.6299930543013699
1569408151341106.0,0.8833198313429784,0.4171087974327238,1.629954469830989
1569408151365044.0,0.8837021012588394,0.420381348972151,1.6298863921477869
1569408151381011.0,0.8841039208587066,0.4237649030861453,1.6297731470776047
1569408151401945.0,0.8845219808500572,0.4272622071558626,1.6296238638291456
1569408151417902.0,0.8849615780342176,0.4308792492845006,1.6294219755368191
1569408151440917.0,0.8854195760324869,0.43461934616938613,1.6291761816199024
1569408151461815.0,0.885902194385961,0.43848913309750703,1.6288693366311033
1569408151477741.0,0.8864077528294249,0.44249272161217784,1.6285100325499515
1569408151500680.0,0.8869438145850057,0.4466377859272965,1.628080544889155
1569408151521625.0,0.8875089708891835,0.4509289012175246,1.6275888537062084
1569408151537581.0,0.8881106948764418,0.4553731677866112,1.6270160576645496
1569408151560521.0,0.8887476377641006,0.4599747390495499,1.6263695044002602
1569408151581749.0,0.8894276225478502,0.4647411600094712,1.6256288530100644
1569408151598419.0,0.890149726341246,0.46967731200174445,1.624800441684514
1569408151620717.0,0.8909219682470926,0.47479105823958095,1.6238631150782845
1569408151642253.0,0.891742621841216,0.4800873206766975,1.6228225874262712
1569408151657949.0,0.8926198273049656,0.48557431997029327,1.6216560332538463
1569408151680888.0,0.8935536179969171,0.49125788739797294,1.6203681147576685
1569408151702828.0,0.8945540385445412,0.49714730632354787,1.6189344928839118
1569408151718128.0,0.8956209798491352,0.5032491390004787,1.6173586060326925
1569408151741091.0,0.896762287823569,0.5095730511685543,1.6156140998552024
1569408151763007.0,0.8979757788128907,0.5161261531257801,1.6137026549519058
1569408151777967.0,0.8992691156345798,0.5229186988119118,1.6115955273785627
1569408151801140.0,0.9006395430216065,0.5299581823642112,1.6092924759418752
1569408151830827.0,0.9020925985202002,0.5372557013715502,1.6067622949931037
1569408151837911.0,0.9036233765658408,0.5448209290544777,1.6040029126671576
1569408151861032.0,0.9052365944082346,0.5526672655764691,1.600979962777912
1569408151882921.0,0.9069272153400062,0.5608061852613923,1.597687958073378
1569408151898026.0,0.9086982547612484,0.5692536194116822,1.5940887895058355
1569408151921200.0,0.9105336112171658,0.5780246196128416,1.5901739837610978
1569408151942892.0,0.9124121267015757,0.5871409533362021,1.585901097562046
1569408151948480.0,0.9142957576733582,0.5966306883247654,1.58125647956098
1569408151971419.0,0.9161658083638752,0.6065386994627935,1.5761869857298476
1569408151986379.0,0.9180064262566472,0.6169242677373364,1.5706636699296297
1569408152009026.0,0.9198230860839892,0.627868821955462,1.5646157808715262
1569408152030974.0,0.9216227555981125,0.6394689628947726,1.5579983360102496
1569408152045928.0,0.9234322829022577,0.6518365630205337,1.5507277496837761
1569408152068866.0,0.9252859274052165,0.665079308811688,1.5427527305600413
1569408152090806.0,0.9272501726174085,0.6792796222430992,1.533986567846889
1569408152107772.0,0.9293885812081654,0.6944084579139826,1.5243823581469818
1569408152128705.0,0.9317781260900599,0.7102290006514246,1.513869400291269
1569408152150647.0,0.9345062786220477,0.7263804115208019,1.5024207916416692
1569408152165609.0,0.9376901588066102,0.7425516349882476,1.48998504679239
1569408152188546.0,0.9414298416269952,0.7584996084777125,1.4765662451333281
1569408152210545.0,0.9458207611426266,0.7740367279274406,1.4621339616128208
1569408152226455.0,0.9509152307743849,0.7890175049213056,1.4466987851833146
1569408152248385.0,0.95672585885709,0.8033316528409771,1.430253471679423
1569408152271324.0,0.9632040248102255,0.816898007580107,1.4128456334043387
1569408152286318.0,0.9702669321775222,0.8296614287314152,1.3944964474663315
1569408152308226.0,0.9777947056142589,0.8415791957854245,1.3752787457612052
1569408152331173.0,0.9856713050067966,0.8526254692514887,1.3552423303443133
1569408152346125.0,0.9937656850946931,0.8627925237300421,1.3344978368880587
1569408152371060.0,1.0019586787904846,0.8720947543116297,1.3131397686919895
1569408152391009.0,1.0101245300578816,0.880559531763222,1.2913204660766968
1569408152405975.0,1.018148933448675,0.8882275793287427,1.2691710009846495
1569408152427933.0,1.0259063160608197,0.8951463502199133,1.2468770576927177
1569408152450872.0,1.0332916695369097,0.9013672721325814,1.2245936646296975
1569408152465805.0,1.040211648307609,0.9069406837535596,1.2025158152013595
1569408152488743.0,1.0466116450590899,0.9119216421185,1.1807915403124838
1569408152510712.0,1.0524496386745272,0.9163649527369111,1.1595941521524815
1569408152526641.0,1.0577046616605195,0.9203242166108264,1.1390478533186383
1569408152548584.0,1.0623548258615543,0.9238453520834925,1.1193020680742318
1569408152570525.0,1.0663969152107828,0.926971659521583,1.1004538696410249
1569408152585514.0,1.0698306859669233,0.9297438524732533,1.0826202737696833
1569408152608423.0,1.07267923192821,0.9321986549023842,1.0658661546936314
1569408152631363.0,1.0749676291038137,0.9343607021377828,1.0502723690377092
1569408152646322.0,1.0767260778567442,0.9362483392413871,1.03586610553077
1569408152668296.0,1.0779704928304155,0.9378762721963952,1.0226900602562699
1569408152691233.0,1.0787294113581751,0.9392601837248192,1.010734327654657
1569408152706192.0,1.0790468749767057,0.940416334343202,0.9999938734243329
1569408152728104.0,1.079010068412113,0.9413669036149374,0.9903922917023739
1569408152751042.0,1.0787338680932697,0.9421358794679191,0.981830577257454
1569408152766038.0,1.0783555244913845,0.9427488448086344,0.9741278377233719
1569408152787953.0,1.0780002107102702,0.9432344202385544,0.9670951754553014
1569408152810906.0,1.0777846969646483,0.9436260924646692,0.9604998912996152
1569408152825851.0,1.0778080416788085,0.9439563378219565,0.9541376818972822
1569408152848790.0,1.0781608849570319,0.9442561106217695,0.9477923489737965
1569408152870730.0,1.0789054323719691,0.9445499094119848,0.941296018427209
1569408152885694.0,1.0800788271180681,0.9448553422394441,0.9344850210904205
1569408152908652.0,1.081680704767906,0.9451812953593265,0.9272590929385802
1569408152930570.0,1.0836918233921558,0.9455288701958156,0.9195380881455094
1569408152946521.0,1.0860717877142299,0.9458909128263147,0.911308312659136
1569408152968462.0,1.0887727754074252,0.9462576138350531,0.9025718316504182
1569408152991477.0,1.0917272990103786,0.9466173034592065,0.8933859691096158
1569408153006359.0,1.0948606429034695,0.9469588122018271,0.8838130684608286
1569408153028303.0,1.098086139733651,0.9472714929913468,0.8739630332241954
1569408153051240.0,1.101318161260008,0.9475471383573723,0.8639525596607737
1569408153066200.0,1.1044675213137956,0.9477787033436286,0.853940674065052
1569408153088141.0,1.1074561042475535,0.9479607125930136,0.8440779871174346
1569408153111107.0,1.1102070293191553,0.9480881414307817,0.8345406102494606
1569408153126040.0,1.1126528243328686,0.9481582531225901,0.8254896324954093
1569408153148979.0,1.1147302325380506,0.9481695592101886,0.8171007055967948
1569408153170929.0,1.1163909883462648,0.9481239954935292,0.8095229406942497
1569408153185882.0,1.1175974568291063,0.948027715133641,0.8029035235445842
1569408153208817.0,1.11833962243393,0.9478888959209132,0.7973415162096147
1569408153230762.0,1.1186329797788646,0.9477122496256982,0.7928962667210774
1569408153245720.0,1.118512057591427,0.9475027124187071,0.7895521915354496
1569408153268658.0,1.1180090738988142,0.9472699005934512,0.7872591645888539
1569408153290609.0,1.1171668198353848,0.9470248765744845,0.7859233144605
1569408153307554.0,1.1160472356230688,0.9467721679152441,0.7854324460585894
1569408153328508.0,1.1147333864313138,0.9465107819118546,0.7856394804039817
1569408153350451.0,1.1133091797486034,0.9462391780878883,0.7863880560741404
1569408153367395.0,1.1118572678899887,0.945960600639979,0.7874985035921483
1569408153388338.0,1.1104544248617083,0.9456834940404286,0.7887877149224353
1569408153411277.0,1.1091759697960264,0.9454193580968189,0.7900664819907417
1569408153427236.0,1.1080903182413868,0.945180813827828,0.7911689643210177
1569408153448179.0,1.107260803131448,0.9449833969665331,0.7919476517454863
1569408153471117.0,1.1067369726960095,0.9448437303060624,0.7922844458623344
1569408153487075.0,1.1065537032728046,0.9447747401232138,0.7920821519691851
1569408153508050.0,1.1067237037563522,0.9447831125246875,0.7912810803236002
1569408153530957.0,1.1072449796343322,0.9448705216944684,0.7898554662352847
1569408153546927.0,1.1081051905182793,0.9450345106352688,0.7878192977803503
1569408153568855.0,1.109285073265661,0.9452683125878321,0.785214200157294
1569408153590799.0,1.1107477906155052,0.94556014550629,0.782115504556871
1569408153608750.0,1.1124395328477903,0.945897025241314,0.7786247561550025
1569408153628696.0,1.114290677215911,0.9462675642323045,0.7748703766429705
1569408153650647.0,1.1162245965955468,0.9466618948410197,0.7709995771517077
1569408153668588.0,1.118157999438887,0.947071091309913,0.7671788662011868
1569408153688536.0,1.1200082435587475,0.9474853142723798,0.7635865891459344
1569408153710478.0,1.1216935337233849,0.9478946643663541,0.7604081935262905
1569408153728428.0,1.1231366482169072,0.9482907311359448,0.757824409907576
1569408153748377.0,1.1242648920064504,0.9486645005962616,0.7560025194318238
1569408153774308.0,1.1250155065067355,0.9490082040739215,0.7550882764439437
1569408153789267.0,1.1253393684185533,0.9493184827173775,0.7551927111319177
1569408153808216.0,1.1252142911524463,0.9495941751670768,0.7563835611392211
1569408153831182.0,1.1246494812292578,0.9498337018042,0.7586701229403412
1569408153849117.0,1.123672367316594,0.9500355003901407,0.7620094121159989
1569408153868066.0,1.1223062048276724,0.9502013517370101,0.7663190134984808
1569408153891006.0,1.1205717755463274,0.950336187932711,0.7715024228324859
1569408153908956.0,1.1185003940969662,0.9504428271922705,0.7774466958038624
1569408153928908.0,1.1161391761466053,0.9505182637872207,0.7840293725189226
1569408153950835.0,1.1135439915074823,0.9505551641279263,0.7911091044272501
1569408153968789.0,1.1107742674419416,0.9505433753112779,0.7985397069028792
1569408153988734.0,1.1078936962808692,0.9504703747270009,0.8061614130341642
1569408154010675.0,1.104971627004434,0.9503240365819888,0.8138179405171496
1569408154028627.0,1.1020822648853756,0.9500985539548091,0.8213535541874725
1569408154051575.0,1.099306062402238,0.9497927649634499,0.8286293733098562
1569408154070514.0,1.096726353352228,0.9494061337670971,0.8355169957129019
1569408154088467.0,1.0944179365667885,0.9489422652334096,0.8419193703906557
1569408154108424.0,1.0924398113588838,0.9484123613394156,0.84776118597062
1569408154131364.0,1.0908368860282882,0.947829972205232,0.8530024641410073
1569408154148308.0,1.0896414106669956,0.9472068301240206,0.8576304120175
1569408154168262.0,1.088872867110944,0.94655181263227,0.8616762843191368
1569408154191193.0,1.088537099446255,0.945869900566835,0.8652036130569876
1569408154209146.0,1.0886224772630895,0.9451596115368432,0.8683187532630116
1569408154230094.0,1.0890988712446052,0.9444140014724685,0.8711525594063193
1569408154251032.0,1.0899185736379386,0.9436218706535139,0.8738689911422439
1569408154268985.0,1.091017288361019,0.9427699329877729,0.8766494039074374
1569408154289930.0,1.0923176047227214,0.941843965929702,0.8796986548055868
1569408154310873.0,1.0937340790629768,0.9408277934981223,0.8832259889765582
1569408154328824.0,1.0951745605626384,0.9397024959473594,0.8874526645988673
1569408154349775.0,1.0965409199803466,0.9384486081351936,0.8925909318157467
1569408154370730.0,1.097732189962789,0.9370457723554373,0.8988480029648893
1569408154388665.0,1.098649164633141,0.935474874428219,0.9064066378685979
1569408154409714.0,1.0991973202104053,0.9337179132444424,0.915433678324519
1569408154430599.0,1.0992905036487304,0.9317560598296246,0.9260579687619009
1569408154448505.0,1.0988509266852444,0.9295703981686249,0.9383732006467272
1569408154469449.0,1.0978093410089083,0.9271453511986765,0.9524198194318734
1569408154491447.0,1.096116059670812,0.9244667715892366,0.9681925114945172
1569408154508345.0,1.0937522092063734,0.9215153885542784,0.9856248305333791
1569408154529289.0,1.0907134895076387,0.9182627065926788,1.0046149430090587
1569408154552296.0,1.0869916392771382,0.9146754450391434,1.025031953465076
1569408154568186.0,1.0825765776736664,0.9107169151164597,1.0467391552786858
1569408154590137.0,1.0774702095776179,0.9063453303212878,1.06958265754875
1569408154612075.0,1.0716898132482209,0.9015116241047163,1.0934000527958245
1569408154628025.0,1.0652655364337789,0.8961571576658961,1.118007316068457
1569408154650965.0,1.0582365224607084,0.8902103931078306,1.1432103602762744
1569408154671935.0,1.0506577757185886,0.8835890460084476,1.1687919622415954
1569408154687866.0,1.042610292427834,0.8762082262584784,1.1945223724708927
1569408154710806.0,1.0342051307315756,0.8679968638495326,1.2201621681349968
1569408154731757.0,1.025577543454488,0.8589105946228315,1.2454893003595486
1569408154747705.0,1.0168825945526008,0.848926481074991,1.270306766247116
1569408154770644.0,1.0082842361474298,0.8380321548884471,1.2944610943293793
1569408154791587.0,0.9999396240709599,0.8262297677027445,1.3178337336759807
1569408154807545.0,0.9919874337187163,0.8135389634426218,1.3403375691008277
1569408154830486.0,0.9845414482654128,0.7999949728107442,1.3619071610369446
1569408154851437.0,0.9776768290818936,0.7856481856777765,1.3825028583076209
1569408154868383.0,0.9714312845372092,0.7705595190062863,1.4020971672399323
1569408154890325.0,0.9658194301114397,0.7547929352757505,1.4206738475806422
1569408154911327.0,0.9608461687463653,0.7384192923453492,1.4382288918863277
1569408154928224.0,0.9565152867083915,0.7215292015164247,1.45477524272672
1569408154950175.0,0.9528238411854795,0.704239338379795,1.4703285652097562
1569408154971117.0,0.9497514747058922,0.686684827164813,1.484899136283303
1569408154988063.0,0.9472620053204988,0.6690157889935575,1.4984977188250286
1569408155010250.0,0.9453117677081364,0.6514080044463432,1.5111481914626053
1569408155031955.0,0.9438577555623135,0.634112265713738,1.5228892513404448
1569408155047903.0,0.9428563785841029,0.617437256446141,1.5337628951937414
1569408155070841.0,0.9422533548786877,0.601582283292087,1.5438000536446799
1569408155098770.0,0.9419831191827542,0.5865740756245817,1.5530249876628093
1569408155107914.0,0.9419846835777128,0.5723436884025958,1.5614749102261218
1569408155130683.0,0.9422110875435591,0.5587397959339424,1.5691985893579428
1569408155151625.0,0.9426106448401852,0.5455781026608996,1.5762396632858025
1569408155167592.0,0.9431360038548321,0.5327888686344049,1.5826522745374532
1569408155190521.0,0.9437749819410107,0.5204499330834516,1.588538693642127
1569408155211466.0,0.9445441365435371,0.5086681611783085,1.5940013416792225
1569408155228420.0,0.9454807973369683,0.49748541517676587,1.5990822057561216
1569408155250361.0,0.9466156049309917,0.4868725166553645,1.6037849029083102
1569408155271305.0,0.9479342532818609,0.4767595266852664,1.608136954903151
1569408155287263.0,0.9493768757696149,0.4670798089027865,1.6121881428188787
1569408155310202.0,0.9508606215362585,0.45781056675250376,1.6159815764440466
1569408155332184.0,0.9523183495651828,0.4489621457057527,1.6195356880632819
1569408155347105.0,0.9537252178351833,0.44053573977457056,1.6228584574942988
1569408155371040.0,0.9550881899797475,0.43251122021604005,1.6259532325089576
1569408155392027.0,0.9564225163732555,0.42485962520185866,1.628831594542428
1569408155406982.0,0.9577396755576196,0.41755708502693323,1.6315099077367063
1569408155437861.0,0.9590417814520168,0.4105887917439226,1.6340071855840341
1569408155451858.0,0.9603213525489703,0.4039442953421653,1.6363330889629613
1569408155467779.0,0.9615704889321234,0.397611393923117,1.638496883133249
1569408155490719.0,0.962787154093126,0.39157767469155996,1.6405049344058416
1569408155512677.0,0.9639749788319274,0.38583086139399025,1.6423675646478624
1569408155527621.0,0.9651387372474016,0.3803592707591129,1.6440931600953332
1569408155550560.0,0.9662795281697727,0.3751512550301236,1.6456938373608991
1569408155573694.0,0.96739391738618,0.3701958080572294,1.6471768450654083
1569408155588458.0,0.9684794301722915,0.3654831603451942,1.6485518498962355
1569408155610433.0,0.9695360416757587,0.3610049553184026,1.649825052665182
1569408155633587.0,0.9705643297133206,0.35675045797218946,1.651005681462438
1569408155654575.0,0.9715648387557025,0.3527094330748055,1.65209864847858
1569408155670423.0,0.9725386849426617,0.34887277662314825,1.6531113975329188
1569408155693373.0,0.9734875693819848,0.345231967063038,1.6540468764299792
1569408155707298.0,0.9744144072949746,0.34177809243429946,1.6549119631562887
1569408155731281.0,0.9753200655219608,0.33850345369751467,1.6557098133514982
1569408155753018.0,0.976202025046329,0.33540011123984237,1.656445851484762
1569408155767977.0,0.9770559481433424,0.3324602795663222,1.6571204502427381
1569408155791176.0,0.9778792700630076,0.3296751659693172,1.6577377406527471
1569408155812877.0,0.9786710798664779,0.3270347589445526,1.6582984302520773
1569408155828049.0,0.9794323649710939,0.3245278335038502,1.658807689415886
1569408155850976.0,0.9801646802354063,0.32214593050794343,1.6592674401571421
1569408155872950.0,0.9808701338383269,0.3198823908268986,1.6596834675770764
1569408155887935.0,0.9815503781284411,0.3177319537421232,1.660057456470301
1569408155910616.0,0.9822072451915882,0.3156894250778499,1.6603946949821928
1569408155933638.0,0.9828419494726931,0.31375044511104866,1.6606962375008598
1569408155947517.0,0.9834560177934468,0.31191041685787696,1.6609668345225825
1569408155970455.0,0.984050480082643,0.3101655261781946,1.6612071285463736
1569408155993686.0,0.98462670604961,0.3085116680760339,1.661421483849258
1569408156014340.0,0.9851855640292704,0.30694546153145547,1.6616101799667873
1569408156030296.0,0.9857284195910696,0.3054632692552508,1.661777363867333
1569408156053237.0,0.9862561222798399,0.3040622132197915,1.6619231183340546
1569408156074180.0,0.98676978671634,0.302738992917507,1.6620512063710144
1569408156090389.0,0.9872702319669326,0.3014909977958272,1.6621614598686099
1569408156113082.0,0.987758776404309,0.3003151920148346,1.6622574618680022
1569408156134019.0,0.9882358947028429,0.29920922401460676,1.6623387231389861
1569408156151008.0,0.9887024484795411,0.2981707765946292,1.6624086220037142
1569408156172916.0,0.9891583690955408,0.29719740779581433,1.6624661091510045
1569408156193859.0,0.9896035440579446,0.29628456361504174,1.6625134371979289
1569408156210814.0,0.9900379367956978,0.2954287767848014,1.6625495588202066
1569408156232764.0,0.9904625853933312,0.29462744135521074,1.6625776639976158
1569408156253842.0,0.9908779591374305,0.29387879037389275,1.6625970289599734
1569408156270655.0,0.9912850127240964,0.293180719758755,1.662610611903702
1569408156292596.0,0.9916839686256039,0.29253175817960225,1.6626173000715552
1569408156314536.0,0.9920754012403491,0.29193000516036743,1.6626194381291355
1569408156330496.0,0.9924593746004605,0.29137439607686794,1.6626158612324295
1569408156353438.0,0.9928362973884285,0.29086298795788773,1.6626090312033812
1569408156374376.0,0.9932054638455841,0.2903921565257087,1.6625971676912077
1569408156390335.0,0.9935667656124789,0.2899568802203952,1.6625819977217575
1569408156413281.0,0.9939202246551966,0.2895544431191589,1.662562131590075
1569408156434218.0,0.9942666023390526,0.28918309346313226,1.662540019454294
1569408156450173.0,0.9946058441618552,0.28884187142884643,1.6625144162381162
1569408156473113.0,0.994938629350062,0.28852949101842584,1.662487527280746
1569408156495063.0,0.9952651335716927,0.2882452699959027,1.6624581447083981
1569408156510024.0,0.9955858700778428,0.2879882778170777,1.6624283294651467
1569408156532953.0,0.995900481862548,0.28775710186704107,1.6623965265434673
1569408156555892.0,0.9962089795509296,0.2875486148453234,1.662364446703268
1569408156570888.0,0.996511010730635,0.2873609509967649,1.6623306771976785
1569408156592793.0,0.9968072344302188,0.2871929648453557,1.662297225550369
1569408156615732.0,0.9970976321896433,0.2870439425355064,1.662262714779646
1569408156629702.0,0.9973826421086674,0.28691270306518624,1.6622288313948617
1569408156652634.0,0.9976622007524459,0.28679857568982003,1.6621942139270403
1569408156675578.0,0.997936871734085,0.28670068685696065,1.6621606782593306
1569408156689534.0,0.9982063901368758,0.2866185877425701,1.6621269985290157
1569408156713487.0,0.9984711843797336,0.2865513839776747,1.6620949242585743
1569408156735411.0,0.9987312356697879,0.28649861263914855,1.6620632082257274
1569408156749375.0,0.9989868997335568,0.2864594461937263,1.662033374746891
1569408156773311.0,0.9992378269848643,0.2864335614516416,1.6620040893840897
1569408156795255.0,0.9994845103716821,0.2864203796441135,1.661976889984627
1569408156810213.0,0.9997267786722519,0.28641963523982167,1.6619505768572562
1569408156833150.0,0.9999649527084649,0.286430761203962,1.6619266223419746
1569408156855093.0,1.0001988167628102,0.2864534640966258,1.6619038700559405
1569408156870055.0,1.0004287554190927,0.28648712490948675,1.6618837096915344
1569408156892994.0,1.000654421587924,0.28653152740244686,1.661865015072731
1569408156915929.0,1.0008761676306352,0.2865860938810511,1.6618490739125045
1569408156929898.0,1.0010935845222901,0.28665045284965185,1.6618346973623868
1569408156952831.0,1.001306784557173,0.28672406797135125,1.6618229995423883
1569408156975770.0,1.00151539119126,0.28680683293112214,1.661812946192905
1569408156996720.0,1.0017195982814242,0.2868983393822165,1.661805673563122
1569408157012680.0,1.0019190369404265,0.2869983354831931,1.6618000699694806
1569408157035609.0,1.002113920968831,0.28710631471944786,1.6617970470305015
1569408157056553.0,1.002303908011254,0.2872221335883684,1.6617958036035905
1569408157073518.0,1.002489198654371,0.2873454635115819,1.6617972837558395
1569408157101442.0,1.002669260153289,0.2874761133100669,1.66180050139435
1569408157124382.0,1.00284439213972,0.28761371093836363,1.661806428008693
1569408157133348.0,1.0030144102724694,0.28775824919621334,1.6618143257737301
1569408157155290.0,1.0031794445390356,0.28790949471068145,1.6618249349188483
1569408157176233.0,1.0033390225525347,0.28806713946110485,1.6618375312191787
1569408157193188.0,1.0034934077850122,0.28823073193454324,1.661852774077911
1569408157215129.0,1.0036423182884677,0.28840012562551837,1.6618701036131962
1569408157237070.0,1.003785925992854,0.28857508517075703,1.661890339376084
1569408157253028.0,1.003923914689801,0.28875545345545467,1.661912973907825
1569408157275966.0,1.004056452194457,0.28894098301372345,1.6619384359110003
1569408157296912.0,1.0041829684136496,0.2891314961706759,1.6619662062593936
1569408157312868.0,1.0043032724280936,0.28932660842128355,1.6619966863037479
1569408157335807.0,1.004416751042054,0.289526115330233,1.6620294423554933
1569408157356782.0,1.0045234398325629,0.28972977695248747,1.6620647057942892
1569408157372708.0,1.004622898748609,0.2899373731508958,1.6621022309940714
1569408157395651.0,1.0047150649757655,0.2901486819362406,1.662142428980974
1569408157417598.0,1.0047994637185165,0.29036345866521523,1.66218514411443
1569408157432614.0,1.0048760081811894,0.29058146437734866,1.662230394421912
1569408157455487.0,1.0049440564831686,0.2908025311467371,1.6622779936182543
1569408157478426.0,1.0050033850023883,0.2910265206020271,1.6623279865019536
1569408157493386.0,1.0050533885152406,0.2912532900445832,1.6623805415231696
1569408157515326.0,1.0050938453387712,0.2914826234416007,1.6624355788968526
1569408157538265.0,1.00512421022293,0.2917143003234328,1.6624932126900376
1569408157553256.0,1.0051442742481145,0.2919482521562826,1.6625533443454805
1569408157575177.0,1.0051533388462026,0.2921842414156709,1.662616197064712
1569408157598107.0,1.0051508751410005,0.29242214408039396,1.6626813153382383
1569408157612070.0,1.0051360072071631,0.2926617181481131,1.6627489232173358
1569408157636003.0,1.0051082011798391,0.292902858646078,1.6628185644120348
1569408157657947.0,1.0050667578519683,0.2931453905656094,1.6628907928288676
1569408157671918.0,1.0050110149583948,0.2933891898080796,1.6629650030654566
1569408157695885.0,1.0049401254907264,0.2936338841136857,1.6630417463491871
1569408157717786.0,1.0048534940599052,0.2938793493729732,1.663120388926586
1569408157732747.0,1.004750094626553,0.2941252408052902,1.663201605385724
1569408157755685.0,1.0046288415325189,0.2943713299788158,1.6632844143052008
1569408157777656.0,1.004488458859774,0.29461715106807257,1.6633695203421461
1569408157792586.0,1.0043279038609676,0.2948624737125764,1.6634558977108886
1569408157815524.0,1.004146125940573,0.295106878128199,1.6635445715897001
1569408157838492.0,1.0039419265331098,0.29535027006227266,1.6636344626954587
1569408157852428.0,1.0037140300739036,0.29559224156518493,1.6637267276802798
1569408157875365.0,1.0034608936606237,0.29583258607811935,1.6638200229452345
1569408157898304.0,1.0031807991036792,0.2960706828671319,1.66391542795288
1569408157919279.0,1.0028719494743874,0.29630632012010183,1.664011433723184
1569408157935204.0,1.0025326902770066,0.29653898511056426,1.6641094572814652
1569408157958144.0,1.0021610878871139,0.2967685128990184,1.6642079260574831
1569408157979094.0,1.001755287079181,0.29699432221951916,1.6643084074527068
1569408157996049.0,1.0013129178051263,0.2972161386028871,1.6644090322234735
1569408158017984.0,1.000831741833146,0.2974333169150902,1.6645113822255768
1569408158038927.0,1.0003092371695106,0.29764590903413796,1.6646136075161124
1569408158055882.0,0.9997430311718137,0.29785332115311325,1.6647176580772989
1569408158077823.0,0.9991302094457787,0.2980550880696306,1.6648213890274148
1569408158098777.0,0.9984681222506564,0.2982503682940347,1.6649267928422447
1569408158115750.0,0.9977532457937525,0.298439065190432,1.6650313931506726
1569408158137917.0,0.9969822117587962,0.2986200904642434,1.6651368361396959
1569408158159606.0,0.9961511031026683,0.2987918645021045,1.6652398529248917
1569408158175563.0,0.9952568577101228,0.29895159650729813,1.6653421530410863
1569408158197504.0,0.9942962065419524,0.29909729024901044,1.6654404925176338
1569408158219445.0,0.993267001105903,0.2992272727113555,1.6655370361269919
1569408158235417.0,0.9921661308968355,0.29934160954652206,1.6656286090495274
1569408158258342.0,0.9909915214695831,0.2994408050645369,1.66571768415973
1569408158279287.0,0.989742096276935,0.29952761956528734,1.6658011217623685
1569408158295243.0,0.9884202222370801,0.29960578881430533,1.6658821791392813
1569408158318185.0,0.9870312382142329,0.299681273971463,1.6659579548490921
1569408158339125.0,0.9855875956178841,0.2997605085131443,1.6660323858181814
1569408158355082.0,0.9841079288219893,0.2998525286037525,1.666103525865552
1569408158378021.0,0.9826153050319433,0.2999672223860141,1.6661766365551292
1569408158400969.0,0.9811313834354696,0.30011454139304317,1.6662494944163986
1569408158414923.0,0.9796761002307359,0.3003006539198572,1.6663269572128228
1569408158437861.0,0.9782651963372482,0.3005290320449336,1.6664062662722765
1569408158460800.0,0.9769120651851931,0.30080047224766415,1.6664924576745654
1569408158475761.0,0.9756252886610493,0.30111596845815264,1.6665825002726227
1569408158497701.0,0.9744096350581345,0.30147324867158665,1.6666816699673133
1569408158520643.0,0.9732650253515795,0.30186933557411594,1.6667866154708588
1569408158534602.0,0.972190297491231,0.3023011501242063,1.6669023629255129
1569408158558539.0,0.971182658886988,0.30276819480036216,1.6670242512049247
1569408158580481.0,0.9702390923413203,0.3032694042058,1.6671566256239867
1569408158595447.0,0.9693557003490926,0.30380494184029067,1.6672943713859603
1569408158618379.0,0.9685293408806469,0.30437372270039,1.6674420743585996
1569408158640321.0,0.9677565245902346,0.30497595166915825,1.6675942300518987
1569408158655290.0,0.9670348336815493,0.30561086260505443,1.667755729953871
1569408158678220.0,0.9663618917180281,0.30627905489665697,1.6679206334220325
1569408158701167.0,0.9657354582053731,0.3069799253346624,1.6680938482216578
1569408158715120.0,0.9651528889970244,0.30771431242347824,1.6682691019710962
1569408158738059.0,0.9646119591695509,0.3084817145123854,1.6684517345707144
1569408158761008.0,0.9641104682786006,0.3092830788990481,1.6686354247797124
1569408158774960.0,0.9636463254877471,0.3101179019557794,1.668825864553294
1569408158797914.0,0.9632175509349621,0.3109872737527058,1.6690162831100968
1569408158820838.0,0.9628222496049724,0.3118909393917421,1.669212622285623
1569408158834801.0,0.9624587482919752,0.31283017327186374,1.6694077332370105
1569408158857742.0,0.9621254474752513,0.3138046297895551,1.6696079780900919
1569408158880680.0,0.9618205647336412,0.31481519297662075,1.6698058556966378
1569408158901621.0,0.961541542204646,0.3158609274550112,1.6700078424786011
1569408158917589.0,0.9612867941014093,0.31694344651633405,1.6702060057394368
1569408158940518.0,0.9610549179143686,0.3180630143785211,1.6704072970464634
1569408158961571.0,0.9608450545596703,0.3192215215282367,1.6706032073805055
1569408158978418.0,0.9606557060553248,0.32041919091314475,1.6708007140682484
1569408159000358.0,0.9604863418953045,0.32165832334623373,1.670991043954337
1569408159021302.0,0.9603358128795517,0.3229393641382493,1.6711815722459484
1569408159044240.0,0.9602038690160496,0.3242648494804874,1.6713628255457418
1569408159060207.0,0.9600894356488873,0.32563530790053696,1.6715425700620699
1569408159081152.0,0.9599925134062454,0.3270532887884668,1.6717109724972734
1569408159098097.0,0.9599119651097118,0.32851945959346196,1.6718759970553494
1569408159121036.0,0.959847883236176,0.3300366261768568,1.6720270413819824
1569408159142008.0,0.959799387863827,0.3316053515029283,1.6721724651235468
1569408159157937.0,0.9597669358829585,0.33322854416962894,1.6723010550920332
1569408159180875.0,0.9597494383827463,0.3349070515881291,1.6724213283192784
1569408159201847.0,0.9597474086891087,0.33664411584513654,1.6725215261660042
1569408159217779.0,0.9597599110378143,0.33844071902304046,1.6726104491823728
1569408159240717.0,0.9597877294478977,0.3403003011508392,1.6726754114294125
1569408159261660.0,0.9598299744869749,0.34222388893941513,1.6727255949390374
1569408159277617.0,0.9598871910890794,0.3442148101608925,1.6727475326687538
1569408159300556.0,0.9599571686127393,0.34627347797795377,1.6727503482445365
1569408159323521.0,0.9600396891661752,0.34840313922279326,1.672719565731518
1569408159338485.0,0.9601333649521229,0.35060538217448217,1.6726647100446337
1569408159360397.0,0.9602396261183181,0.3528850521121882,1.6725705331365937
1569408159383336.0,0.9603576368801237,0.3552441668832601,1.6724468292383674
1569408159398293.0,0.96048899608644,0.35768745970293236,1.6722773644513897
1569408159420245.0,0.9606328042864707,0.36021696602230113,1.6720720213438547
1569408159443174.0,0.960790793672355,0.36283770853049085,1.6718132429188393
1569408159457137.0,0.960962000461038,0.36555206258476713,1.671511173805998
1569408159480075.0,0.9611483002172967,0.36836551619076213,1.6711470397684505
1569408159503015.0,0.9613488027550169,0.37128057401057574,1.67073089236584
1569408159517023.0,0.9615655840172749,0.37430288272313234,1.6702425664679115
1569408159540945.0,0.9617976223180826,0.377435187670131,1.669692027886507
1569408159562861.0,0.9620470195074421,0.3806834423878276,1.6690575532196579
1569408159578060.0,0.9623122067632642,0.38405044998594434,1.6683493643016951
1569408159600753.0,0.9625953266863253,0.3875428464164137,1.6675440018292942
1569408159622952.0,0.9628954262960313,0.3911642548148277,1.6666512697699003
1569408159637262.0,0.96321488472713,0.394921139816926,1.6656458618961245
1569408159661291.0,0.9635512845255033,0.39881628213848985,1.6645375334779122
1569408159683689.0,0.9639061553803306,0.4028567584833674,1.6632988224225966
1569408159697368.0,0.9642780853818306,0.4070468691048264,1.6619388851459764
1569408159720425.0,0.9646709305305855,0.4113945384164805,1.6604279810717262
1569408159726568.0,0.9650845577855882,0.41590441683633417,1.658774987282125
1569408159748517.0,0.9655229992093068,0.42058542955166756,1.6569476261959095
1569408159764785.0,0.9659853398301789,0.42544306436100426,1.654953829384778
1569408159786675.0,0.9664754546139397,0.4304866679608606,1.6527577299314917
1569408159809129.0,0.9669925019009208,0.4357218400014231,1.6503659080333792
1569408159824924.0,0.9675405110807341,0.4411582659675788,1.647739127094072
1569408159845867.0,0.9681183602320719,0.4468021040700758,1.6448824361511645
1569408159869101.0,0.9687300617344345,0.4526635990516037,1.6417523245239507
1569408159884764.0,0.969370984407171,0.45874834643717893,1.6383519060268548
1569408159906003.0,0.9700329939395016,0.4650651800525659,1.6346326460791174
1569408159928647.0,0.9706924359495962,0.47161911072599777,1.6305949009565746
1569408159944660.0,0.9713342279741067,0.4784211546458724,1.626184702991683
1569408159966637.0,0.9719466011104823,0.48548128729852563,1.621396360308175
1569408159988676.0,0.9725226832717004,0.492816798359656,1.616163014890399
1569408160011425.0,0.973037089541046,0.5004425030615536,1.6104709839217677
1569408160026385.0,0.9734620244900888,0.5083804538418667,1.6042451336202646
1569408160048329.0,0.9737751951901101,0.5166558315152067,1.5974647732372593
1569408160071267.0,0.9740018271748642,0.525309673070907,1.590042496505336
1569408160086235.0,0.9742079932830636,0.5343914159456334,1.5819489854160254
1569408160108166.0,0.9745042139262003,0.5439731851270826,1.5730946334818732
1569408160132113.0,0.9750104515933873,0.5541529123139065,1.5634674519700191
1569408160146066.0,0.9758336619422829,0.565061497511919,1.5529922742092872
1569408160168022.0,0.9770208652917981,0.5768271311721178,1.5416635668770533
1569408160190945.0,0.9785778700497588,0.5895630054549705,1.5294096564574882
1569408160205915.0,0.9804713445621117,0.6033377931954597,1.5162404910001497
1569408160228853.0,0.9826729444530058,0.6181024193364579,1.502094661066592
1569408160250784.0,0.9851759442387167,0.6336085391261979,1.4869916628036919
1569408160265786.0,0.9880390685718965,0.6495073391135785,1.4708841685399499
1569408160288716.0,0.9913546257872695,0.6654812947873318,1.4538202584300317
1569408160310652.0,0.9952458993552921,0.6812891558426862,1.4357658131244317
1569408160325595.0,0.9998040996930453,0.6967393193906067,1.4167704201696891
1569408160348555.0,1.0050695950213795,0.7116886849016106,1.3968069358190216
1569408160371680.0,1.0110019638010792,0.7260228326707164,1.3759526880178514
1569408160385483.0,1.0175215049441793,0.7396578355750034,1.3542121463827583
1569408160416630.0,1.024503775221892,0.7525290540092893,1.3316982091691942
1569408160432356.0,1.0318323832098846,0.7646006513209574,1.3084419256216702
1569408160446315.0,1.039383050894149,0.7758570766779355,1.2845834421533076
1569408160469215.0,1.0470433133265986,0.7863098145271465,1.260187549212836
1569408160491438.0,1.0546821263692754,0.7959847720820769,1.2354403643703245
1569408160506397.0,1.0621852100384201,0.804928012965586,1.2104446016406507
1569408160528045.0,1.069436829282873,0.8131915266813461,1.1854132609651948
1569408160550983.0,1.076354814731333,0.8208339904955506,1.1604610919801326
1569408160565944.0,1.0828611703977646,0.8279094701619675,1.1358052234944753
1569408160588881.0,1.0889058411068215,0.8344748679835965,1.111556690819331
1569408160610823.0,1.0944385155416705,0.8405782699609335,1.087920039206948
1569408160625783.0,1.0994337426336114,0.8462645365331489,1.0649812051968928
1569408160648750.0,1.1038656192154057,0.8515681174013925,1.042919222491551
1569408160670663.0,1.1077321324403047,0.8565215801595865,1.0218007635375335
1569408160685672.0,1.1110336264016494,0.8611500523496777,1.0017803702935058
1569408160709558.0,1.1137969849094602,0.8654803654982903,0.9828851457807262
1569408160730506.0,1.1160483089466346,0.8695362010321153,0.9652179274478998
1569408160745466.0,1.117816952603996,0.8733461415337147,0.9487656604046043
1569408160768411.0,1.1191116560305212,0.8769333391988527,0.9336103941170971
1569408160786382.0,1.119946988346256,0.8803163061585646,0.9197321052143831
1569408160809322.0,1.1203273570145096,0.8835017603084147,0.9072051380138089
1569408160828242.0,1.1202618350068658,0.8864935581561725,0.8960006817439908
1569408160851180.0,1.1197599845143227,0.8892876716658807,0.8861596598930045
1569408160867140.0,1.1188603496869534,0.8918834179259156,0.8775937782260359
1569408160888082.0,1.1176287549557355,0.8942813905477688,0.8702583554918879
1569408160911043.0,1.116167725312301,0.8964855867413016,0.8639732822982035
1569408160927059.0,1.1145901152902307,0.8984991691587604,0.8586020794975285
1569408160947923.0,1.1130150430103483,0.9003369232109202,0.8538916220689874
1569408160970861.0,1.1115529094994343,0.9020208323391872,0.8496515262241573
1569408160988813.0,1.1103104826596233,0.9035804712347216,0.8456123718158098
1569408161008760.0,1.1093739199160462,0.9050439364268653,0.8416029178119626
1569408161030712.0,1.108807978203354,0.9064402557687512,0.8374048734296158
1569408161047656.0,1.1086440815925334,0.9077899906541407,0.8329101414162762
1569408161068599.0,1.1088890305500725,0.9091071973350932,0.8279767465477275
1569408161090564.0,1.1095220435984592,0.9103968737496084,0.8225810209609833
1569408161107496.0,1.1105106863619238,0.9116620154578958,0.8166717855343822
1569408161128450.0,1.111809174027666,0.9129004100724248,0.8103095231495074
1569408161151377.0,1.1133648591501042,0.9141093414492182,0.8035210336258537
1569408161167334.0,1.1151088822276491,0.9152833886098927,0.7964318524421542
1569408161188279.0,1.116964044764158,0.9164196987564089,0.789124286494388
1569408161211220.0,1.1188416590666332,0.9175146247274445,0.7817694904443296
1569408161229176.0,1.1206548814900406,0.9185681050999798,0.7744943084616978
1569408161248136.0,1.1223205571714647,0.9195783276001265,0.7674979596838788
1569408161271058.0,1.123767807443054,0.9205440937817537,0.7609169043570002
1569408161289021.0,1.1249327379492722,0.921464877138227,0.754935832445783
1569408161308961.0,1.125764108361199,0.9223453711610068,0.7496675104467163
1569408161330927.0,1.126223409341525,0.9231908611715364,0.7452576370922318
1569408161348850.0,1.126287774642066,0.9240081124548192,0.74177703032485
1569408161368797.0,1.1259490941734032,0.924800480515588,0.7393109449379954
1569408161390784.0,1.1252144550519867,0.925569002539109,0.7378578777416073
1569408161408690.0,1.1240987926257353,0.926312278470426,0.7374148259123191
1569408161428643.0,1.1226200367106431,0.9270314610632279,0.737909256226975
1569408161450610.0,1.120808893349596,0.9277265588181907,0.7392757319940154
1569408161468531.0,1.1187125828418447,0.9283960598912792,0.7413905464688877
1569408161488505.0,1.1163945189091435,0.9290357538834902,0.7441320971862586
1569408161510418.0,1.1139251806617956,0.92964331589164,0.7473310461704186
1569408161529368.0,1.11138564770752,0.9302183203683245,0.7508191548438304
1569408161548345.0,1.1088590486124446,0.9307634497079036,0.7543969588062119
1569408161571293.0,1.1064360006155662,0.9312841839055428,0.7578807870746008
1569408161589208.0,1.104209539199238,0.9317919395160799,0.7610791994144419
1569408161608166.0,1.102279578620693,0.9323008664640711,0.7638275155035705
1569408161631097.0,1.1007393438425113,0.9328265301140877,0.765968026714129
1569408161649049.0,1.0996689587909507,0.9333842558179216,0.7673773702597577
1569408161668023.0,1.09911892916402,0.933986600913779,0.767956190776461
1569408161690964.0,1.0991157762807044,0.9346422666419828,0.7676526561038868
1569408161708888.0,1.0996609151875747,0.9353579061381675,0.7664489923990355
1569408161728871.0,1.1007433538382998,0.9361367300680168,0.7643724485092781
1569408161750817.0,1.1023353731968903,0.936976176453716,0.7614801054457196
1569408161768728.0,1.1043927612032434,0.937868524633971,0.7578671983237331
1569408161788674.0,1.1068490672134017,0.9388044415889175,0.7536566868868683
1569408161818596.0,1.1096234887075582,0.9397747362210496,0.7490001451707802
1569408161828574.0,1.112621901659347,0.940769056058255,0.7440692620900913
1569408161849537.0,1.1157462975789465,0.9417758125201501,0.7390507010700343
1569408161871652.0,1.11889407305864,0.9427818951647866,0.7341459301941312
1569408161889458.0,1.121963559035516,0.9437763592059399,0.7295578040120051
1569408161909361.0,1.1248511972220057,0.9447508668584639,0.7254940633211817
1569408161931321.0,1.1274609743465522,0.9456988158791219,0.7221364486578536
1569408161949246.0,1.129701153993539,0.9466130498297847,0.7196579162697097
1569408161970190.0,1.131497050219855,0.9474902493166468,0.718178406640059
1569408161991167.0,1.1327965329293614,0.9483292191840054,0.7177894284942347
1569408162009086.0,1.1335909007500578,0.9491263139231563,0.7184883515605212
1569408162030030.0,1.13389715073873,0.94987037712658,0.7202311698002567
1569408162050984.0,1.1337481345932579,0.9505536648835609,0.7228835202962506
1569408162068926.0,1.1331742571476315,0.9511782785583297,0.7263265018327659
1569408162097847.0,1.1322321955947836,0.9517551823480424,0.7303902316062156
1569408162110813.0,1.1309986953372182,0.9522900880019598,0.734945881333352
1569408162128784.0,1.1295694889393457,0.9527813125134892,0.739806042747961
1569408162151704.0,1.1280156004557846,0.9532244864635167,0.7448428741082525
1569408162170654.0,1.1263993867536681,0.953626670591827,0.749880088910633
1569408162188606.0,1.1247756000968878,0.9540012990617012,0.7548148918999864
1569408162211549.0,1.1232226635082747,0.9543623731438863,0.7594927906499475
1569408162230501.0,1.1218134364413364,0.9547157692883426,0.763844279318079
1569408162249446.0,1.120623419377921,0.9550678071896406,0.7677447472962748
1569408162271384.0,1.1197050124564374,0.9554258336243799,0.7711602016736705
1569408162291331.0,1.1191114617085254,0.9557998952825763,0.7740037932604804
1569408162308286.0,1.1188759465013063,0.9561937151685908,0.7762936427783241
1569408162330226.0,1.119033688830789,0.9566103990593954,0.7779934135062587
1569408162351171.0,1.1195983525307154,0.9570493915804117,0.7791746790671926
1569408162368128.0,1.120581830977592,0.9575120791040446,0.7798513745848161
1569408162391071.0,1.121966825902125,0.9579952994307337,0.7801533640206599
1569408162412050.0,1.12373230956538,0.9584969327694164,0.7801455877726643
1569408162427975.0,1.1258353487111776,0.9590110379893719,0.7800063779386782
1569408162450905.0,1.128237940472274,0.9595347662295244,0.7798320656706441
1569408162471859.0,1.1308844366534503,0.9600594063355398,0.7798293269962208
1569408162487811.0,1.133725487035973,0.9605751633092838,0.7801109117418483
1569408162510746.0,1.136693057040996,0.9610660867520591,0.7809039921209906
1569408162531697.0,1.139727400375798,0.961520652953383,0.7823263187810883
1569408162547646.0,1.1427507902318397,0.9619239395258942,0.7846093910011324
1569408162570585.0,1.1456982147593298,0.9622637961668746,0.787853353855924
1569408162593533.0,1.1484926815905419,0.96252430238425,0.7922687118148062
1569408162608512.0,1.151078315293076,0.9626959638382416,0.7979124638532005
1569408162630424.0,1.1533883841547903,0.962766688002948,0.8049570575808187
1569408162651368.0,1.1553736790423457,0.9627315046326481,0.8134040410901273
1569408162668323.0,1.1569703102260875,0.9625863643731485,0.8233688611440503
1569408162690264.0,1.1581536391824234,0.9623387551647591,0.8347717138857228
1569408162711210.0,1.1588992264252709,0.9619926242167659,0.8476629688867521
1569408162728170.0,1.1592099723817315,0.9615540984745057,0.861907561150583
1569408162750113.0,1.1590678030056412,0.9610233681173684,0.877534396261878
1569408162772081.0,1.1584831826726911,0.9604062988004216,0.8943918622074125
1569408162788004.0,1.15744242203191,0.9596989521758724,0.9125117108453785
1569408162810945.0,1.1559531392283107,0.9588962951069514,0.9317404884037735
1569408162831897.0,1.1539892154865539,0.9579824002307846,0.9521184237570368
1569408162847845.0,1.1515531362071791,0.956943293683286,0.9734863940320959
1569408162870782.0,1.1486160154454734,0.9557521946627957,0.9958792612902548
1569408162891736.0,1.1451828747016572,0.9543813275216282,1.0191210103664519
1569408162907684.0,1.1412281519838074,0.9527889748072083,1.043237669919043
1569408162930622.0,1.1367634502454886,0.9509350879473771,1.068043639494387
1569408162951567.0,1.131761711782552,0.9487700144697218,1.0935630295850107
1569408162975503.0,1.1262322295543779,0.9462485732089736,1.119596828136546
1569408162990467.0,1.1201435734682121,0.943312874689039,1.1461496882115862
1569408163011413.0,1.1135082521790898,0.9399066445779501,1.1729936848320694
1569408163034415.0,1.1063011575486594,0.9359601757139809,1.2001064138405237
1569408163050303.0,1.0985511926304878,0.9314068146545709,1.2272301375711625
1569408163071246.0,1.0902578878217786,0.9261659319539451,1.2543104983071256
1569408163087204.0,1.081492097960214,0.9201633537192047,1.281056070607756
1569408163111141.0,1.0723005994739019,0.9133199257807593,1.3073905574512545
1569408163133081.0,1.0628048206127938,0.9055792575531059,1.3330192156496632
1569408163147048.0,1.053100832600504,0.8969056295120963,1.3578823412171392
1569408163170990.0,1.0433583623016938,0.8873075279338303,1.3817254800449599
1569408163192922.0,1.0337053260308315,0.8767965434150546,1.4045464766961
1569408163213877.0,1.0243070236330427,0.8653864569483072,1.4261678427511115
1569408163230819.0,1.0152420320737494,0.8530789961128135,1.4466632360691243
1569408163252761.0,1.006615497238062,0.8399061069721127,1.465912240158078
1569408163273715.0,0.9984604658458478,0.825912640338562,1.4840147684733078
1569408163290661.0,0.9908438406559412,0.8111651807893183,1.5008711544072741
1569408163312605.0,0.9837525291934385,0.7957254228333955,1.5166038149178405
1569408163334543.0,0.9772090785932431,0.779691293340249,1.5311445104027688
1569408163350499.0,0.971181617340527,0.7631929778132391,1.5446364365740286
1569408163373439.0,0.9656874260479471,0.7464188687690971,1.5570263568372176
1569408163394396.0,0.9606818280367223,0.7295786551170812,1.5684607545579279
1569408163410340.0,0.9561674631934799,0.7129571013973355,1.5788867008156815
1569408163433281.0,0.9520980419865294,0.6968696023502294,1.5884325837701465
1569408163454262.0,0.9484782429352604,0.6815024657637982,1.5970315632251153
1569408163470180.0,0.945271225753072,0.6668069849169831,1.6048139748777606
1569408163493119.0,0.9425098164900948,0.6526051368232632,1.6117466555048214
1569408163514063.0,0.9401768202751126,0.6386871669614231,1.6179903728767544
1569408163531026.0,0.9382395731561218,0.6250082019560664,1.6235373611918988
1569408163552958.0,0.9365808404225952,0.611671998724451,1.6285796831075006
1569408163574899.0,0.9351610204801458,0.5988254071238287,1.6331102242718893
1569408163591071.0,0.9339393440551301,0.5865433075018398,1.6372488331385042
1569408163612831.0,0.9329324194243805,0.574825395473831,1.6409370628338764
1569408163635738.0,0.932101203747495,0.5635890587838008,1.6442980596458048
1569408163650697.0,0.9314250133027911,0.5527631383320817,1.6472894501589483
1569408163672876.0,0.9308289344863877,0.5423156427123247,1.6500299541869419
1569408163693791.0,0.9302928001708053,0.5322685603797428,1.652472405842001
1569408163710709.0,0.9297789400323457,0.5226217004249191,1.6547273743408102
1569408163733688.0,0.9292994192231588,0.5133637985065692,1.6567357571790802
1569408163761574.0,0.9288279736564673,0.5044606306022151,1.6585869208835813
1569408163770550.0,0.9283837055920086,0.4958988642588973,1.6602132485252348
1569408163793077.0,0.9279566862699911,0.4876581215259207,1.6617058184526305
1569408163814315.0,0.9275823501835884,0.47973517971025875,1.663001812724867
1569408163831256.0,0.9272553060360352,0.47211522980404574,1.6641858630067066
1569408163852979.0,0.9269995815052952,0.4648015229562695,1.6651893762612553
1569408163874515.0,0.9267999899651475,0.4577834561296163,1.6660934846576734
1569408163890464.0,0.9266823815351125,0.45106173712823167,1.6668341427318116
1569408163913116.0,0.9266370612847167,0.4446210616055222,1.6674944554542444
1569408163934684.0,0.9266859449102092,0.43846240351712823,1.6680133056660245
1569408163950415.0,0.9268042679507602,0.4325725782219416,1.668474385299352
1569408163973608.0,0.9269918964079548,0.42695072682054924,1.668818617486006
1569408163994301.0,0.9272072438056718,0.42157710467172416,1.6691262678764849
1569408164010339.0,0.9274425247305215,0.4164441609323424,1.669336858056419
1569408164040181.0,0.9276586918119855,0.41153254394646566,1.6695274355721064
1569408164055137.0,0.9278614122769603,0.40684093685541917,1.6696346259755994
1569408164070100.0,0.9280327567285875,0.4023540164825905,1.6697293953861925
1569408164093039.0,0.9281931495018215,0.39807092562096535,1.6697458482782532
1569408164122961.0,0.9283250363160053,0.3939761608499688,1.6697525010668106
1569408164130936.0,0.9284421515576993,0.3900702538645432,1.6696840060572524
1569408164152947.0,0.9285250390028196,0.38634046427575963,1.6696089345615173
1569408164175816.0,0.9285910617627671,0.38278817752980354,1.6694650360757683
1569408164190804.0,0.928625687537058,0.3793983858183267,1.6693222031566117
1569408164212717.0,0.928649105310125,0.3761701723218753,1.6691202400869987
1569408164235673.0,0.9286475602833382,0.37308861119576925,1.6689279038530773
1569408164249620.0,0.9286411943711307,0.3701540923462787,1.668684122101128
1569408164272568.0,0.9286151725921931,0.36735215433665885,1.6684549413644003
1569408164296503.0,0.9285875479612091,0.3646828435505268,1.66817879939373
1569408164316449.0,0.9285425782934109,0.36213219447026196,1.6679206563410405
1569408164333395.0,0.9284986287060106,0.35970189319599183,1.6676189165483657
1569408164355336.0,0.9284397735056034,0.35737937537446096,1.6673368575091683
1569408164370296.0,0.9283839099706057,0.3551668050329367,1.6670134003665253
1569408164393236.0,0.9283150644716169,0.3530519845581301,1.666711794947732
1569408164415176.0,0.9282508361455816,0.3510372174878621,1.6663717174885795
1569408164430137.0,0.9281741093036836,0.3491096461234457,1.666055646831601
1569408164453075.0,0.9281011883566307,0.3472701591734034,1.6657035067352695
1569408164476014.0,0.9280143004358744,0.3455049825655771,1.6653772222416858
1569408164489979.0,0.9279298315246026,0.3438164574297201,1.665017498944987
1569408164512961.0,0.927829950248131,0.3421939532243379,1.6646856036261917
1569408164535853.0,0.9277308920023457,0.34064217502690997,1.6643223798679458
1569408164556825.0,0.9276145082483841,0.33915180037915443,1.6639886893771871
1569408164572980.0,0.9274970999832447,0.337728501304481,1.6636258953809102
1569408164595721.0,0.9273606916711604,0.33636346287763713,1.6632941512960049
1569408164616684.0,0.9272213923170928,0.33506171595365336,1.6629343930808305
1569408164632628.0,0.927060520894515,0.3338143475105198,1.6626059434760052
1569408164655533.0,0.9268940589378172,0.3326276253772067,1.662250419343588
1569408164676478.0,0.9267033540318008,0.3314920996761927,1.6619268490214805
1569408164693432.0,0.926505230537187,0.33041165731584016,1.6615769362060064
1569408164715373.0,0.9262821143746198,0.32937587867193485,1.6612594898633284
1569408164736329.0,0.9260511840716741,0.32838867517223486,1.6609165411145057
1569408164753272.0,0.9257943189595468,0.32743918868547023,1.6606064971718748
1569408164775214.0,0.9255291808981868,0.32653105502797564,1.6602721573795893
1569408164796185.0,0.9252384844918907,0.32565362980927487,1.6599720964288365
1569408164813113.0,0.9249411033198252,0.3248107009982757,1.6596489148490967
1569408164835064.0,0.9246211654361146,0.3239918313149833,1.6593604114070724
1569408164857310.0,0.9242987771700376,0.32320151943067826,1.659049338001167
1569408164873966.0,0.9239584590978756,0.3224303363028871,1.6587732238396542
1569408164895894.0,0.923621698171721,0.32168360534815543,1.6584743757042832
1569408164916835.0,0.9232751347056677,0.32095311059810894,1.6582087957196778
1569408164932954.0,0.9229421169478011,0.3202461109210697,1.657917769838749
1569408164955732.0,0.9226098277108562,0.31955617649025525,1.6576572976973465
1569408164976675.0,0.9223012300617014,0.3188917272866224,1.6573701135451115
1569408164992666.0,0.9220020974675663,0.3182466289656365,1.6571132789410832
1569408165015572.0,0.9217340896597989,0.3176283465236325,1.6568305280402362
1569408165038510.0,0.9214820494435109,0.31702906187206936,1.6565793258925945
1569408165053471.0,0.9212671046085996,0.31645525961229304,1.6563030135010357
1569408165075412.0,0.9210733359695824,0.31589926068974533,1.6560577829998557
1569408165098350.0,0.9209200506199343,0.3153682952204158,1.6557865750883654
1569408165113317.0,0.9207878307543972,0.31485517858197537,1.655545787585873
1569408165135261.0,0.920690926422828,0.3143661908071175,1.6552785908372698
1569408165158193.0,0.9206052136694904,0.3138922587848849,1.6550411804533198
1569408165172152.0,0.9205433202895716,0.3134388977522106,1.6547766861163826
1569408165196088.0,0.920481794687614,0.31299673895336044,1.6545414085214876
1569408165218030.0,0.9204354758058364,0.3125707848749747,1.6542786966151166
1569408165231992.0,0.920384286185698,0.31215246034085814,1.654045029132685
1569408165255957.0,0.9203461345287727,0.31174846324475586,1.6537841058452922
1569408165277870.0,0.9203020625984225,0.311350993353225,1.6535526758291395
1569408165292900.0,0.9202702991922825,0.3109672045951899,1.6532943950472214
1569408165315769.0,0.9202318999428826,0.31058975033237735,1.6530661158974553
1569408165337732.0,0.9202052888109272,0.3102260651454012,1.6528115264111514
1569408165352671.0,0.9201714908817947,0.30986891402352057,1.6525873078206517
1569408165375609.0,0.920149261467014,0.3095257676609273,1.6523370608864378
1569408165398547.0,0.9201195415582218,0.3091893601199013,1.6521176516368683
1569408165412510.0,0.9201009865076945,0.30886745093736734,1.6518724075951219
1569408165435452.0,0.9200744581188681,0.30855262825244284,1.6516580614205576
1569408165458399.0,0.9200597476823162,0.30825151179389004,1.6514175723879918
1569408165472350.0,0.9200390509052161,0.3079556016218608,1.6512074445889378
1569408165495289.0,0.9200328191676126,0.3076717881440816,1.6509704650235701
1569408165518234.0,0.9200218584720348,0.30739217673084523,1.6507638231643431
1569408165539182.0,0.9200243901833324,0.30712322185902774,1.650530692519281
1569408165555139.0,0.9200191518489886,0.3068558295390265,1.6503284875333137
1569408165578069.0,0.920024951080829,0.30659680779664983,1.650099957716295
1569408165599052.0,0.9200219281061187,0.3063383250368577,1.6499024846196362
1569408165615976.0,0.9200299346291941,0.30608780268690894,1.6496785147700617
1569408165637907.0,0.9200289667592846,0.30583742398492525,1.6494857960615017
1569408165658852.0,0.9200389528791393,0.30559478762159703,1.6492666608775817
1569408165675806.0,0.9200395048392854,0.3053520607382722,1.6490789498022396
1569408165705729.0,0.9200507564850194,0.3051169317096217,1.6488645806572353
1569408165726671.0,0.9200521846608856,0.3048815488322737,1.6486816575710461
1569408165735649.0,0.9200642947221984,0.3046536219041829,1.6484717947179008
1569408165757597.0,0.9200663269062861,0.30442533037841657,1.648293520698582
1569408165779530.0,0.9200792348205605,0.3042047276886765,1.6480883216957964
1569408165795487.0,0.9200819881742339,0.3039840292064939,1.6479150291985332
1569408165818455.0,0.9200955933767906,0.30377125383192644,1.6477145430873152
1569408165839369.0,0.9200985520023011,0.3035584055740314,1.6475459810259565
1569408165855327.0,0.9201121487519283,0.3033534395860948,1.6473498797564754
1569408165878266.0,0.9201146623232376,0.30314827235895386,1.6471858668270207
1569408165899219.0,0.9201280096028109,0.3029511968438743,1.6469942175388168
1569408165915201.0,0.9201301382089923,0.3027541958836663,1.6468349620605502
1569408165938106.0,0.9201431709653488,0.30256547708058895,1.6466477097969434
1569408165961045.0,0.920144629404428,0.3023767193673843,1.6464928932368268
1569408165976003.0,0.9201569355306527,0.3021962339330898,1.6463096404647852
1569408165998007.0,0.9201572144808691,0.3020157409420309,1.64615899913691
1569408166020884.0,0.9201685463480368,0.30184381811412975,1.645979744728956
1569408166035844.0,0.9201675928708426,0.3016720564946649,1.6458334766129528
1569408166057980.0,0.9201776256185851,0.30150899108905416,1.6456581804075507
1569408166080724.0,0.9201748052008886,0.30134603251658465,1.6455159538222703
1569408166094694.0,0.9201829756656229,0.3011918327620915,1.6453441555603707
1569408166118622.0,0.920178126917505,0.30103751945126267,1.6452056498958338
1569408166140564.0,0.9201854943438738,0.300891221781355,1.645037458470667
1569408166154527.0,0.9201806245313409,0.3007436225596464,1.644903250986791
1569408166178463.0,0.9201884535718403,0.3006033927143165,1.6447389624532327
1569408166200405.0,0.9201836132675038,0.30046132912277357,1.6446089132886783
1569408166215403.0,0.9201917637176652,0.300326490053562,1.644448296980513
1569408166238302.0,0.9201868271006347,0.30018979407972,1.6443220866925585
1569408166260244.0,0.9201950140466276,0.30006044949422417,1.6441646891905728
1569408166275204.0,0.9201897289160265,0.2999292751919198,1.64404220097128
1569408166298143.0,0.9201978828220211,0.2998057178834092,1.6438881001880583
1569408166320093.0,0.9201919736721115,0.2996801755527225,1.6437692446087235
1569408166335047.0,0.9201997021635036,0.2995620025408442,1.6436181314123357
1569408166357984.0,0.9201929480980028,0.29944156651417725,1.6435028397923703
1569408166380921.0,0.9202002551665038,0.29932856030719446,1.643354787681857
1569408166394885.0,0.9201926115552924,0.2992130543794802,1.6432429042745247
1569408166417822.0,0.9201994164997683,0.299105056449008,1.643097430395928
1569408166440762.0,0.9201907757518913,0.29899447706072396,1.642988765892062
1569408166461709.0,0.9201970653198355,0.298891522392236,1.6428460301313272
1569408166477665.0,0.9201873097793646,0.2987858877781248,1.6427407841014006
1569408166500603.0,0.9201927614276509,0.2986880126535196,1.6426005508522672
1569408166522553.0,0.9201814514001203,0.2985874422830994,1.6424982909529955
1569408166538510.0,0.9201857804284679,0.2984949189604112,1.642360207764918
1569408166560447.0,0.9201725682853655,0.2983994882952977,1.6422608194338422
1569408166581385.0,0.920175620289601,0.29831202222043224,1.6421248249841431
1569408166598341.0,0.9201604776334774,0.29822138573575324,1.6420283673384801
1569408166620283.0,0.9201621892528477,0.29813900781241387,1.6418942558336946
1569408166641294.0,0.9201447856897026,0.2980534509152242,1.6418004926378944
1569408166658181.0,0.9201450869067255,0.29797614516348186,1.641667979421851
1569408166681121.0,0.9201265961558776,0.29789481868331363,1.6415768409936737
1569408166702347.0,0.9201279961867578,0.2978213810863913,1.6414460689849233
1569408166718021.0,0.9201102875040116,0.2977434637605402,1.6413579458501644
1569408166741195.0,0.9201135098194128,0.2976734092077217,1.6412289512795355
1569408166762164.0,0.9200966309551446,0.2975984628401358,1.6411436662219203
1569408166777864.0,0.9201016705766234,0.29753161874970263,1.6410161644910255
1569408166800823.0,0.9200853914367194,0.2974596067797181,1.6409337414155933
1569408166821783.0,0.9200920005387901,0.2973957399691604,1.6408075504906978
1569408166837700.0,0.9200761499783902,0.2973261097372563,1.640727958221587
1569408166860645.0,0.9200847385697837,0.2972648693682173,1.6406030092970818
1569408166881584.0,0.9200695757835877,0.29719757932929886,1.6405264272808697
1569408166898668.0,0.9200803336292869,0.29713904929405227,1.6404025811804808
1569408166920480.0,0.9200657139125301,0.2970741438309665,1.640328820960062
1569408166943419.0,0.9200787209452946,0.29701843525152916,1.6402056708111892
1569408166958380.0,0.9200645136259651,0.29695591181725295,1.6401347529798023
1569408166980320.0,0.9200798395621059,0.29690295978186876,1.640011885051397
1569408167003258.0,0.920065879571116,0.2968424872210038,1.6399436932477605
1569408167018221.0,0.9200839569797112,0.29679189216967894,1.6398207444032933
1569408167040159.0,0.9200703133747662,0.29673308457649195,1.6397550041010747
1569408167063099.0,0.9200913870561711,0.2966846584779703,1.6396309987162005
1569408167077098.0,0.9200777869053535,0.2966271310493142,1.6395675160258194
1569408167100999.0,0.920102254715249,0.2965806084046697,1.6394419280623358
1569408167122941.0,0.9200885290829625,0.29652412366072295,1.6393805907165124
1569408167136901.0,0.9201170022758668,0.2964794946911122,1.6392525712808983
1569408167160857.0,0.9201030161939646,0.2964238364508161,1.639193439030119
1569408167182777.0,0.9201364902480778,0.29638115337503435,1.6390619794534893
1569408167197739.0,0.9201223981773001,0.2963261735567195,1.6390052837553242
1569408167220677.0,0.9201624174207209,0.2962854068409595,1.6388692850440243
1569408167243618.0,0.9201477494876243,0.29623049019861963,1.6388147849028691
1569408167257579.0,0.9201960641996612,0.2961915537629733,1.6386720291560863
1569408167280575.0,0.9201808843029482,0.29613644600043343,1.638620037541039
1569408167303809.0,0.9202411907513874,0.29609974824416924,1.6384678019392533
1569408167317476.0,0.9202257423484957,0.296043744909163,1.638418566195683
1569408167340751.0,0.920304512202673,0.2960099166929287,1.6382526096867112
1569408167370672.0,0.9202894650373421,0.2959529870821606,1.6382066419149954
1569408167377652.0,0.9203982085620338,0.2959244098740824,1.6380183351756104
1569408167400592.0,0.9203835558268897,0.29586643371430854,1.6379757976588087
1569408167423529.0,0.9205475271679835,0.29584776345361524,1.637747546320702
1569408167444474.0,0.9205331453306647,0.2957884805972922,1.637708859572882
1569408167460433.0,0.9208315458429116,0.29579502229641563,1.637391405825517
1569408167483396.0,0.9208178687326997,0.29573560319913617,1.637358051786184
1569408167504314.0,0.9218645247530186,0.29587842093028416,1.636689868694104
