timestamp,x,y,z
1570179139108096,2.5625,0.8125,5.3125
1570179139124074,-7.0625,1.125,6.5625
1570179139146158,-9.8125,1.4375,6.125
1570179139170072,-8.5,2.5,2.75
1570179139184894,-8.875,3.75,-1.4375
1570179139205838,-10.875,4.0625,-3.125
1570179139230050,-14.5,3.625,-3.9375
1570179139273722,-19,4.0625,-5.75
1570179139284699,-22.375,5.0625,-6.3125
1570179139290635,-25.6875,5.75,-4.375
1570179139305568,-28.6875,7.0625,-1.875
1570179139328505,-30.4375,10,-0.5625
1570179139358428,-30.1875,11.6875,-0.375
1570179139411284,-29.125,13.75,0.125
1570179139412282,-26.3125,16.3125,0.125
1570179139413279,-21.75,18.8125,0.875
1570179139425247,-20.8125,18.625,-1.0625
1570179139446190,-20.3125,17.0625,-5.1875
1570179139468132,-19.5625,15.5625,-5.125
1570179139486093,-19.875,10.6875,-4.5
1570179139509022,-18.4375,8.4375,-4.25
1570179139527972,-18.5625,7.3125,-1.0625
1570179139545924,-14.75,5.8125,1.8125
1570179139565873,-11.125,3.375,3.625
1570179139588811,-8.125,2.5,3.8125
1570179139607213,-3.4375,1.3125,0.5625
1570179139625710,-1.8125,1.8125,0.625
1570179139648649,0.4375,0.9375,2.4375
1570179139666601,3.25,0.25,2.625
1570179139685551,7.75,0.125,2.5625
1570179139708489,11.4375,-1,2.9375
1570179139726442,11,-2.125,1.8125
1570179139746388,12.25,-2,-0.1875
1570179139768329,13.8125,-0.6875,-4.3125
1570179139786495,10.9375,1.3125,-8.375
1570179139806227,3.0625,4.3125,-11.375
1570179139828169,2.375,3.75,-10.5
1570179139846336,5.75,3.25,-12
1570179139867239,6.0625,3,-13.75
1570179139888010,8.875,-0.5625,-13.25
1570179139905962,5.8125,-0.6875,-8.625
1570179139927708,2.125,-1.375,-3.6875
1570179139955828,-1.375,-3.0625,-2.1875
1570179139966799,-5.125,-3.4375,1.75
1570179139987743,-10,-2.875,2.0625
1570179140008687,-12.375,-1.125,-0.3125
1570179140026638,-13.25,-0.625,1.4375
1570179140047582,-11.9375,0.4375,3
1570179140068564,-10.1875,1.5,2.5
1570179140086479,-8.6875,1.875,1.875
1570179140107423,-5.5,1.4375,2.5
1570179140128366,-2.3125,-0.1875,2.9375
1570179140146318,0.5625,-0.75,2.125
1570179140167262,1.375,0.125,1.4375
1570179140188670,-0.5,0.75,0.875
1570179140206202,-1.8125,1.0625,-0.125
1570179140227298,-3.0625,0.5,-0.1875
1570179140248080,-2.4375,0.5625,1.5
1570179140265999,2.25,0.5625,4.25
1570179140289051,7.375,-0.0625,4.875
1570179140308884,9.9375,1.5,3.1875
1570179140326836,11.125,4.9375,0.4375
1570179140348777,14.375,6.5625,-1
1570179140375977,20.9375,4.9375,3.8125
1570179140391810,29.4375,4.625,11
1570179140407620,38,7.5625,12.3125
1570179140430824,38.9375,7.875,7.3125
1570179140451503,29,1.4375,5.8125
1570179140468458,19.4375,1.1875,1.375
1570179140490399,9.625,0.125,-0.125
1570179140511606,-0.8125,-3.5,3.375
1570179140528326,-1.8125,-11.75,3.625
1570179140550333,-0.8125,-14.3125,2.125
1570179140571183,-6.75,-7.625,-1.8125
1570179140588137,-12.25,-4.25,-6.75
1570179140611076,-12.3125,-3.9375,-8.25
1570179140632020,-11.625,-4.125,-8.1875
1570179140653961,-10.5,-3.6875,-7.5625
1570179140670916,-9.1875,-2.75,-6.375
1570179140691860,-9.8125,-1.9375,-5.0625
1570179140707851,-10.9375,-0.8125,-4.6875
1570179140730873,-9.3125,-0.1875,-4.0625
1570179140751818,-5.875,0.375,-2.5
1570179140767775,-2.5625,0.0625,-0.8125
1570179140790715,0.8125,-0.5,0.3125
1570179140812656,2.875,-0.3125,2.125
1570179140827681,3.375,-0.3125,0.8125
1570179140850554,2.75,-1.375,0.6875
1570179140873492,0.375,-1.6875,-0.25
1570179140888459,-0.75,-1.8125,-2.8125
1570179140910399,-3.4375,-2.5,-4.125
1570179140933333,-4.0625,-2.8125,-5
1570179140947297,-5.625,-2.3125,-4.75
1570179140970235,-6.5625,-1.375,-3.625
1570179140993173,-4.6875,-0.5625,-2.0625
1570179141007175,-4.25,-0.3125,-1.375
1570179141030074,-4.5,0.125,-1.5625
1570179141053012,-4.625,0.625,-1.3125
1570179141067127,-5.375,0.9375,-1.375
1570179141090912,-5.75,1.375,-0.8125
1570179141113199,-4.1875,1.0625,-0.1875
1570179141127813,-1.6875,0.25,0.5
1570179141150794,0.125,0.0625,0.6875
1570179141173087,2,-0.0625,1.1875
1570179141187653,2.9375,-0.375,1
1570179141210593,2.0625,-0.5,1.25
1570179141233536,1,-0.3125,1.0625
1570179141247493,-0.1875,0.0625,0.625
1570179141270433,-1.375,0.125,0
1570179141293371,-2.75,0.125,-0.125
1570179141314402,-4.5625,0.0625,0
1570179141330736,-5.1875,0.3125,-0.125
1570179141353215,-5.0625,0.1875,-0.3125
1570179141374506,-4.8125,-0.0625,-0.1875
1570179141391111,-4,-0.125,0.3125
1570179141413052,-3.125,0,0.5625
1570179141434122,-1.625,0.1875,0.3125
1570179141451002,0,0,0.75
1570179141472940,0.8125,-0.375,1.3125
1570179141494439,0.6875,-0.4375,0.8125
1570179141510791,0.625,0.1875,-0.0625
1570179141532736,-0.125,0.125,-0.625
1570179141554676,0.5625,-0.125,-0.6875
1570179141570744,0.625,-0.4375,-0.375
1570179141593569,1.3125,-0.625,-0.25
1570179141614513,2.6875,-0.875,-0.4375
1570179141630471,2.75,-1,-0.5625
1570179141653415,2.75,-0.75,-0.25
1570179141674373,2.3125,-0.5,0.125
1570179141690316,2.3125,-0.3125,0.3125
1570179141713248,1.4375,-0.25,0.25
1570179141735190,0.8125,-0.1875,0.375
1570179141750433,1.1875,-0.3125,0.375
1570179141772950,1.125,-0.375,0.0625
1570179141795966,1.125,-0.4375,-0.0625
1570179141810982,0.5625,-0.3125,0.1875
1570179141832931,0.4375,-0.0625,0.0625
1570179141855480,0.125,-0.0625,0
1570179141869445,0.4375,-0.125,0.3125
1570179141892871,0.4375,-0.25,0.25
1570179141915811,0.3125,-0.125,0.1875
1570179141929853,0.75,-0.125,-0.0625
1570179141953829,0.8125,-0.25,0
1570179141975734,1.3125,-0.1875,0
1570179141989697,1.25,-0.375,-0.1875
1570179142013176,1.1875,-0.25,-0.0625
1570179142042860,0.9375,-0.125,0.0625
1570179142049845,0.625,-0.125,0.25
1570179142072780,1,0,0
1570179142095718,1,-0.1875,0.125
1570179142110693,1.125,-0.125,0.3125
1570179142132619,0.3125,-0.1875,0.125
1570179142155559,-0.6875,0.0625,-0.1875
1570179142176501,-0.875,-0.125,0
1570179142193456,-0.375,-0.0625,-0.1875
1570179142215396,-1.0625,0.125,-0.9375
1570179142236340,-1.3125,0.25,-0.5625
1570179142253332,-1.3125,-0.0625,0.125
1570179142276235,-1.5625,0,0.125
1570179142297178,-1.5,0.375,-0.1875
1570179142313237,-0.6875,0.1875,-0.125
1570179142336179,-0.75,0,-0.375
1570179142357121,-1,0.1875,-0.5625
1570179142373078,-1.4375,0.375,-0.5
1570179142396016,-1.625,0.1875,-0.375
1570179142416965,-2,0.3125,-0.75
1570179142432918,-2.6875,0.375,-0.625
1570179142455856,-2.625,0.25,-0.5
1570179142476871,-2.3125,0.3125,-0.3125
1570179142492757,-1.6875,0.125,-0.3125
1570179142515696,-0.8125,0,-0.25
1570179142536701,-0.5,0.125,-0.1875
1570179142552695,-0.375,0.125,-0.125
1570179142575557,-0.5625,0.125,0.0625
1570179142596961,-0.6875,0.1875,0
1570179142613432,-0.875,0.125,-0.0625
1570179142635377,-0.375,0.1875,-0.125
1570179142656318,-0.375,0.125,-0.375
1570179142673273,0.25,0.0625,-0.4375
1570179142695214,0.25,-0.0625,-0.25
1570179142718154,0.125,-0.0625,-0.3125
1570179142733112,-0.375,0.125,-0.3125
1570179142756052,-1,0.25,-0.1875
1570179142777995,-0.9375,0.375,-0.1875
1570179142793287,-0.5,0.1875,0
1570179142821932,0.3125,0.0625,-0.0625
1570179142837907,0.8125,-0.125,-0.0625
1570179142852796,1,-0.0625,0
1570179142875734,0.5625,0,0.125
1570179142897674,-0.25,0,0.0625
1570179142912635,-0.6875,-0.125,-0.125
1570179142935573,0.0625,-0.1875,-0.3125
1570179142957515,-0.4375,0.1875,-0.5
1570179142972888,-0.25,0.1875,-0.3125
1570179142995530,-0.375,0,0.0625
1570179143018354,-0.4375,-0.0625,-0.0625
1570179143032432,0.0625,-0.0625,-0.25
1570179143055252,0,0,0
1570179143078191,0.3125,0.0625,0
1570179143092226,1,-0.1875,-0.625
1570179143116090,0.625,-0.0625,-1.0625
1570179143138032,0.375,0.0625,-0.6875
1570179143151997,-0.6875,0.1875,-0.5
1570179143175930,-2,0.25,-0.4375
1570179143197979,-2.1875,0.25,-0.375
1570179143218818,-2.3125,0.25,-0.375
1570179143235797,-2.125,0.1875,-0.5
1570179143257711,-1.0625,0.0625,-0.125
1570179143279652,-0.5625,0,-0.125
1570179143303081,-0.4375,0.0625,-0.375
1570179143317726,-0.8125,0.25,-0.0625
1570179143339492,-1,0.125,0.1875
1570179143355448,-0.6875,0.125,0.125
1570179143378388,-0.5,0.125,-0.125
1570179143399335,0.1875,0.0625,-0.125
1570179143416286,0.3125,-0.0625,-0.125
1570179143438232,0.625,-0.1875,0.0625
1570179143459173,0.6875,-0.25,0.125
1570179143475128,0.5,-0.0625,-0.0625
1570179143498067,0.8125,-0.0625,0.0625
1570179143519012,0.8125,-0.1875,0.25
1570179143535966,1.125,-0.25,0.25
1570179143557908,0.3125,-0.0625,-0.125
1570179143578851,0,0.0625,0.0625
1570179143595806,-0.5625,0.125,0.125
1570179143617748,-0.0625,0,0.0625
1570179143640686,-0.125,0,0
1570179143655646,0.5,0.0625,0.0625
1570179143677982,-0.875,0.0625,-0.4375
1570179143701526,-1.75,0.0625,-0.3125
1570179143715487,-1.375,0,-0.1875
1570179143738425,-0.3125,0,-0.25
1570179143760372,0.3125,0.0625,-0.5
1570179143775326,1.0625,-0.1875,-0.125
1570179143798265,1.3125,-0.25,0.3125
1570179143820449,1.0625,-0.1875,0.0625
1570179143835166,0.3125,-0.125,0
1570179143858105,-0.5625,0.0625,0
1570179143881044,-0.9375,0.125,-0.25
1570179143895005,-1.125,0.0625,-0.5
1570179143917945,-0.9375,0.1875,-0.375
1570179143940884,-0.3125,0.1875,-0.3125
1570179143954845,-0.875,0.0625,0
1570179143977921,-0.5,0.0625,0.4375
1570179144000725,-0.4375,0.0625,0.125
1570179144015685,-0.8125,0,-0.25
1570179144037630,-0.4375,0.125,-0.125
1570179144060564,-0.4375,0,0.0625
1570179144074529,-0.25,0.0625,0
1570179144098463,-0.3125,0.0625,-0.1875
1570179144120405,-0.6875,0,-0.0625
1570179144141349,-0.875,-0.0625,-0.1875
1570179144158304,-0.6875,0.0625,-0.3125
1570179144180247,-0.1875,0,-0.0625
1570179144202186,0,-0.0625,0.0625
1570179144218386,-0.25,0,0
1570179144240088,-0.4375,0.0625,0.125
1570179144262028,-0.25,0.0625,0.25
1570179144278608,0.1875,-0.125,0.0625
1570179144300921,0.1875,-0.0625,-0.125
1570179144321946,0.25,-0.0625,-0.0625
1570179144338455,-0.0625,-0.125,-0.0625
1570179144360762,0.1875,-0.0625,0
1570179144381706,0.75,-0.1875,0.1875
1570179144397833,2,-0.3125,0.3125
1570179144420601,2.75,-0.3125,0.25
1570179144441552,2.625,-0.375,0.1875
1570179144458500,1.5,-0.375,0.125
1570179144480442,0.625,0,0.0625
1570179144501388,-0.9375,0.1875,-0.0625
1570179144518422,-2,0.3125,-0.25
1570179144540806,-1.875,0.125,-0.0625
1570179144546266,-0.625,-0.0625,-0.1875
1570179144568373,0.0625,0,-0.375
1570179144584165,0,-0.125,-0.0625
1570179144606105,-0.25,-0.125,0.5
1570179144628184,-0.8125,0.125,0.3125
1570179144644006,-1.25,0.3125,-0.125
1570179144665948,-1.5,0.25,-0.1875
1570179144688884,-1.3125,0.1875,-0.125
1570179144703844,-1.125,0.125,-0.3125
1570179144726884,-0.6875,0.0625,-0.4375
1570179144748835,-0.0625,0.125,-0.25
1570179144763940,-0.75,0.125,-0.1875
1570179144786084,-1.3125,0.0625,0
1570179144808566,-0.5625,0.125,0
1570179144823524,-0.3125,0,-0.25
1570179144846463,-0.25,0.0625,-0.125
1570179144869729,-0.625,-0.0625,0
1570179144883365,-0.625,0,0
1570179144906302,-0.5625,0,0
1570179144928389,-0.5,0.0625,-0.0625
1570179144951302,-0.25,0.0625,0.0625
1570179144966232,-0.625,0.0625,-0.125
1570179144989082,-0.8125,0.125,-0.25
1570179145003043,-0.6875,0.125,-0.1875
1570179145025979,-0.5625,0.0625,-0.125
1570179145049050,-0.5625,0.0625,-0.0625
1570179145065216,-0.8125,0.0625,-0.0625
1570179145093118,-0.9375,0.125,-0.125
1570179145109060,-0.375,-0.0625,-0.25
1570179145123930,0.1875,-0.25,-0.3125
1570179145146213,0.125,-0.1875,-0.4375
1570179145169235,0.1875,-0.125,-0.1875
1570179145185208,0.4375,0,0.3125
1570179145206200,0.375,-0.25,0.3125
1570179145228266,0.375,0,0.125
1570179145245260,-0.0625,0,0.0625
1570179145266612,-0.5625,0.0625,0
1570179145288850,-0.125,0.0625,-0.0625
1570179145305065,0.9375,0.25,0.1875
1570179145325757,6.1875,0.5625,-0.1875
1570179145348647,20.3125,1.375,-0.6875
1570179145364607,32,5.875,-2.4375
1570179145385550,44.875,8.5,-8.9375
1570179145408488,53.8125,20.1875,-21.3125
1570179145425558,46.5,29.25,-45.375
1570179145446388,34.375,49.5625,-75.375
1570179145468401,-10.8125,72.9375,-94.9375
1570179145487277,-84.25,89.9375,-114.438
1570179145506334,-113.375,116,-127.313
1570179145528167,-104.063,147.875,-135.75
1570179145546254,-76.4375,173.813,-138.875
1570179145565792,-39.4375,180.313,-143.688
1570179145591791,-15.4375,175.125,-145.5
1570179145610788,-5.125,178.5,-139.25
1570179145625753,-3.3125,176.75,-129.75
1570179145648570,-9.8125,168.438,-126.188
1570179145666523,-20.8125,158.625,-117.688
1570179145685477,-32.5625,148.563,-101.125
1570179145708436,-36.375,133.375,-80.5
1570179145726755,-23.75,116.188,-69.8125
1570179145753301,-8.625,91.8125,-61.375
1570179145768251,8,70.125,-48.875
1570179145786222,13.5625,53.5,-38.875
1570179145806160,6.625,38.1875,-27.25
1570179145836075,0.875,24.8125,-21.875
1570179145846045,-2.3125,18.1875,-13.5
1570179145868983,-7.875,16.5,-2.125
1570179145891924,-15.875,13.1875,3.0625
1570179145906881,-14.1875,1.0625,4.1875
1570179145928826,7.5625,-11.875,-3.75
1570179145948769,21.9375,-14.9375,-14.3125
1570179145966900,21.5,-12.8125,-23.5625
1570179145985674,11.0625,-11.6875,-7.75
1570179146008615,0.625,-13.1875,49.125
1570179146026639,-37.5,-11.5625,95.5625
1570179146046527,-5.875,-10.5,91.5625
1570179146068584,3.5625,-27.3125,63.125
1570179146086401,10.625,-38.4375,22.5625
1570179146106350,-5.625,-38.1875,1.625
1570179146128294,-27.5,-32.75,17.5625
1570179146146241,-30.5,-15.9375,16.6875
1570179146167518,-26.5625,-5.5,-4.8125
1570179146188128,-19.75,-1.8125,-25.0625
1570179146206080,-18.3125,0.75,-22.5625
1570179146228022,-16.4375,5.125,-14.125
1570179146248968,-14.0625,10.3125,-16.3125
1570179146265922,1.3125,11.4375,-35.0625
1570179146286865,2.625,4.875,-52.125
1570179146308807,-4.1875,4.75,-50.125
1570179146326757,-4.3125,6.4375,-29.375
1570179146347710,-3.6875,4.4375,-8.8125
1570179146368648,1.9375,5.1875,0.4375
1570179146386598,8,4.75,1.25
1570179146407690,8.875,0.4375,2.4375
1570179146428490,11.125,-3.25,3.125
1570179146446440,18.875,-6.9375,-4.375
1570179146469377,25.25,-10.5625,-20
1570179146488326,27.25,-16.6875,-37.875
1570179146508274,20.3125,-16.8125,-37.625
1570179146529216,13.625,-2.0625,13.9375
1570179146548168,-11.8125,5.1875,79.4375
1570179146566740,-5.5625,4.0625,80.875
1570179146589422,-2.1875,-21.625,26.9375
1570179146609006,-2.375,-30.875,-2.8125
1570179146625958,-13.875,-25.1875,-5.1875
1570179146654883,-17.25,-15.5625,5.25
1570179146668876,-20.625,1.25,17.875
1570179146686794,-24.875,14.125,16.8125
1570179146708737,-23.8125,17.4375,-4.9375
1570179146728683,-26.5625,15.5625,-20.6875
1570179146746636,-20.3125,18.875,-8
1570179146768835,-5.875,20.8125,-4.125
1570179146788651,9.125,14.9375,-15.875
1570179146806473,13.0625,7.5,-23.0625
1570179146829414,1.6875,0.75,-22.0625
1570179146848363,0.625,-5.5,-20.9375
1570179146866776,3.1875,-7,-6.75
1570179146889253,6,-7.1875,7.5625
1570179146908209,12.0625,-13.5625,12.25
1570179146926153,12.4375,-20.5,14
1570179146949092,12.25,-24.5625,16.1875
1570179146976023,11.9375,-26.8125,20.125
1570179146986843,14.9375,-27.9375,22.9375
1570179147008934,20.25,-31.375,25.4375
1570179147035862,20.875,-39.5625,29.375
1570179147046835,18.125,-53.3125,43
1570179147067784,21.6875,-69.625,66.9375
1570179147089718,26.625,-81.5625,83.5
1570179147112668,26.5625,-92.75,87.8125
1570179147128614,24.3125,-108.625,97.75
1570179147149707,20.4375,-123.313,109.75
1570179147171500,16.4375,-127.563,108.688
1570179147188454,15.0625,-123.25,93.0625
1570179147209404,15.5625,-118.625,92.8125
1570179147231343,18.8125,-120.5,103.875
1570179147255377,30.5625,-129.375,102.625
1570179147269240,43.25,-127.875,87.9375
1570179147285196,42.5,-115.75,86.75
1570179147316113,33.125,-106.75,95.375
1570179147329080,21.4375,-103.5,91.125
1570179147345036,21,-94.5,75.25
1570179147367984,28.3125,-77.125,67.75
1570179147388964,16.625,-63.125,50.875
1570179147404884,-9.9375,-46.125,40.3125
1570179147428568,-42.8125,-23.375,39.8125
1570179147450759,-64.8125,-23.75,25.625
1570179147464716,-65.625,-36,42.4375
1570179147488664,-65.4375,-34.0625,46.9375
1570179147510595,-56.5625,-23.25,42
1570179147524563,-13.6875,-6.25,29.6875
1570179147548492,36.5625,9.9375,21.5625
1570179147570433,47.625,15.625,7.75
1570179147591382,34.5625,11.5,11
1570179147608330,16.125,6.375,16.6875
1570179147630277,0.125,-8.1875,25.6875
1570179147651223,-11.125,-13,24.1875
1570179147668281,-13.875,-8.375,15
1570179147691110,-7.1875,-1.75,4.25
1570179147712055,-2.5,4.3125,-1.9375
1570179147728334,-4.8125,4.375,-3.8125
1570179147750950,-7.4375,-1.5,1.4375
1570179147764913,-7.5625,-6.75,5.5625
1570179147787970,-5,-7.3125,2
1570179147810801,-4.5625,-3.3125,-3
1570179147824857,-4.5625,-0.9375,-3
1570179147847995,-1.25,-1.625,0.125
1570179147870631,3.125,-2.3125,3.5625
1570179147884745,7.625,-5.375,8.75
1570179147908534,12.75,-7.4375,11.0625
1570179147930469,16.8125,-3.875,7.6875
1570179147951414,18.9375,-1.25,6.25
1570179147968368,18.1875,-2.75,7.75
1570179147990492,14.625,-3.5,6.375
1570179148011253,7.3125,-2,3.3125
1570179148028209,1.875,-1.1875,0
1570179148050154,-3.5625,0.0625,-1.6875
1570179148072091,-4.375,1,-0.9375
1570179148088212,-2.3125,-0.125,0.8125
1570179148110987,-2.5625,-0.375,2.25
1570179148131932,-3.125,-0.6875,2.3125
1570179148148885,-2.875,-1.6875,1.4375
1570179148170831,-2.375,-1.8125,-0.75
1570179148191771,-1.75,-1.5,-0.6875
1570179148207733,1.8125,-2.375,1.875
1570179148230764,1.625,-1.25,2.6875
1570179148251889,0.5,0.5625,1.25
1570179148268565,-0.0625,1.4375,2.1875
1570179148290506,1,-0.625,4.5
1570179148311451,0.875,-1.0625,4.125
1570179148328415,1.5,-0.1875,2.875
1570179148351344,4.375,-0.875,1.875
1570179148373287,5,-2.1875,3.375
1570179148388246,8.6875,-1.125,1.125
1570179148410189,7.6875,-0.6875,-0.0625
1570179148433328,3.5625,-0.25,0.125
1570179148448243,1.375,-2.75,-0.25
1570179148471025,1.625,-5,-0.5625
1570179148492965,6.375,-6.5625,-2.8125
1570179148507928,12.125,-7.375,-2.5625
1570179148530992,13.8125,-5.875,-1.625
1570179148553803,13.3125,-4.0625,-3.1875
1570179148567897,9.25,-2,-1.875
1570179148590704,1,-0.25,-1.125
1570179148613643,-5.5625,2.6875,-3.4375
1570179148627749,-6.5,2.25,-5.625
1570179148650544,-5.625,0.875,-3.5
1570179148673484,-4.75,0.375,-1.3125
1570179148687449,-5,1.375,-1.0625
1570179148711383,-6.375,2.75,-1.6875
1570179148733384,-7.1875,3.0625,-1.625
1570179148747286,-8.8125,3.4375,-2.3125
1570179148770228,-12.625,5.125,-4.4375
1570179148793164,-15.5625,7.125,-6.125
1570179148814213,-19.625,8.625,-6.9375
1570179148831065,-21.3125,8.9375,-6.75
1570179148853137,-19.4375,7.625,-5.5
1570179148873946,-18.5,7.3125,-5
1570179148890901,-17.1875,7.6875,-4.875
1570179148912871,-19.0625,6.9375,-5.375
1570179148933786,-18.875,6.3125,-4.875
1570179148950936,-16.125,5.875,-3.0625
1570179148979666,-12.6875,3.875,-2.25
1570179148994629,-9.375,2.8125,-1.125
1570179149010583,-6.875,2.6875,-1.3125
1570179149033522,-0.5,0.5625,0.4375
1570179149054677,1.875,0.0625,0.5625
1570179149070635,1.0625,0.8125,-0.875
1570179149092763,-0.25,0.75,-0.9375
1570179149114319,-2.25,0.8125,-1.25
1570179149136950,-1.8125,0.125,-0.875
1570179149153558,-0.5625,-0.3125,-0.1875
1570179149174380,0.8125,-0.375,0.1875
1570179149190634,2.4375,-1.0625,1.875
1570179149213672,1.875,-1.4375,2
1570179149233691,0.375,0.1875,-0.125
1570179149258536,-1.4375,0.875,-1.5
1570179149273430,-1.5,0.25,-1.3125
1570179149294449,-0.25,-0.625,-0.4375
1570179149310439,0,-0.625,0.0625
1570179149333374,-0.75,0.125,-0.1875
1570179149355914,-1.5625,0.25,0.0625
1570179149370874,-1.9375,-0.125,0.6875
1570179149392814,-2.0625,-0.0625,0.0625
1570179149415753,-2,0.5,-0.875
1570179149437861,-1.8125,0.75,-1.0625
1570179149452654,-1.625,0.25,-0.5
1570179149476591,-1.875,0,-0.3125
1570179149489557,-0.75,0.1875,-0.5625
1570179149513674,0.125,0.0625,-1.125
1570179149535431,0.125,0.125,-1.625
1570179149549394,0.625,0.0625,-1.375
1570179149573330,0.5625,0,-1.0625
1570179149601339,-0.375,0.1875,-1
1570179149610370,-1.3125,0.25,-1.0625
1570179149632766,-1.9375,0.375,-0.9375
1570179149655681,-2.3125,0.4375,-0.9375
1570179149669692,-2.4375,0.875,-1.125
1570179149693586,-2.1875,0.5625,-0.8125
1570179149715876,-2.25,0.5625,-0.6875
1570179149729599,-2.25,0.5625,-1
1570179149753422,-1.75,0.5625,-0.875
1570179149775367,0.1875,0.3125,-0.75
1570179149790330,0.8125,0.1875,-1
1570179149813263,0.9375,0.25,-1.3125
1570179149835877,1.0625,0.3125,-1.3125
1570179149857145,0.625,0.1875,-1.3125
1570179149873106,-0.25,0.5,-1.75
1570179149896040,-0.9375,0.6875,-1.75
1570179149916993,-2,0.75,-1.6875
1570179149932945,-2.875,1.0625,-1.6875
1570179149955880,-3.8125,1.3125,-1.6875
1570179149976828,-4.5625,1.4375,-1.625
1570179149992986,-3.4375,1.1875,-1.125
1570179150015721,-2.6875,0.5,-0.25
1570179150036742,-1.9375,0.1875,-0.125
1570179150053619,-0.4375,0.1875,-0.1875
1570179150075560,0.4375,0.125,-0.25
1570179150096507,0.625,0,-0.1875
1570179150119470,1.125,-0.75,0.625
1570179150141618,0.1875,-0.4375,0.5
1570179150156344,-0.75,0.4375,-0.25
1570179150173300,-1.25,0.5,-0.3125
1570179150195244,-1.25,0.0625,0.25
1570179150216184,-0.875,-0.0625,-0.125
1570179150233139,-0.375,0.3125,-0.625
1570179150255161,-0.3125,0.1875,-0.6875
1570179150278184,-0.125,0.0625,-0.1875
1570179150293340,-0.3125,-0.3125,0.375
1570179150315918,0.0625,-0.375,0.5
1570179150338592,0,-0.125,-0.125
1570179150352824,0.1875,0.0625,-0.3125
1570179150375859,0.6875,-0.25,-0.25
1570179150397705,1.5,-0.375,-0.25
1570179150412662,2.0625,-0.4375,-0.125
1570179150435671,1.6875,-0.375,0
1570179150458537,1.1875,-0.25,0
1570179150472498,0.625,-0.1875,-0.0625
1570179150495492,0.1875,-0.25,-0.1875
1570179150518377,0.25,-0.125,-0.375
1570179150533337,0.1875,0.0625,-0.375
1570179150555379,0.0625,0,-0.1875
1570179150578398,0.1875,-0.0625,-0.0625
1570179150592179,0.0625,0,-0.0625
1570179150615274,0.25,-0.1875,-0.0625
1570179150646035,0.625,-0.3125,0.125
1570179150653017,0.875,-0.25,0.0625
1570179150676176,0.4375,-0.1875,-0.0625
1570179150698011,0.4375,-0.0625,-0.1875
1570179150719838,0,-0.1875,0
1570179150735796,0,-0.1875,-0.0625
1570179150758399,-0.0625,0,-0.1875
1570179150778685,-0.0625,0,-0.3125
1570179150795634,0.125,-0.0625,0
1570179150818574,0.1875,-0.1875,0.125
1570179150846500,0.1875,-0.125,0
1570179150855542,-0.5,-0.0625,-0.0625
1570179150878414,-0.8125,-0.125,-0.1875
1570179150899357,0.1875,-0.1875,-0.25
1570179150915315,0.3125,0,-0.625
1570179150938252,0.625,-0.0625,-0.375
1570179150959195,0.3125,-0.5,0.25
1570179150975154,-0.25,-0.4375,0.3125
1570179150998108,-0.5625,0,-0.1875
1570179151019041,-0.25,-0.125,-0.125
1570179151035992,-0.125,-0.125,0
1570179151058524,0.0625,-0.0625,-0.0625
1570179151078878,0.625,-0.0625,-0.1875
1570179151095831,0.625,-0.125,-0.1875
1570179151118256,0.4375,-0.1875,0
1570179151139850,0.4375,-0.375,0.3125
1570179151161662,0.625,-0.375,0.3125
1570179151177616,0.5,-0.1875,-0.1875
1570179151199554,0.3125,-0.1875,-0.25
1570179151215791,0.125,-0.375,-0.125
1570179151238451,0.25,-0.125,0
1570179151260994,0.0625,-0.125,0.1875
1570179151275359,0,-0.1875,0.1875
1570179151298291,0.125,-0.125,0.0625
1570179151321231,0.5,-0.1875,0.25
1570179151335987,0.375,-0.375,0.125
1570179151358175,0.625,-0.3125,0.0625
1570179151388052,0.625,-0.3125,0.1875
1570179151395130,0.4375,-0.375,0.1875
1570179151417973,0.5625,-0.1875,0.125
1570179151440909,0.4375,-0.3125,0.125
1570179151454876,0.25,-0.375,0
1570179151477992,0,-0.125,-0.1875
1570179151500751,-0.3125,-0.0625,-0.25
1570179151514715,-0.375,-0.125,-0.25
1570179151545688,0,-0.3125,-0.125
1570179151560592,0.0625,-0.1875,-0.1875
1570179151574838,-0.4375,-0.25,-0.3125
1570179151598487,-0.375,-0.125,-0.4375
1570179151620430,-0.3125,-0.25,-0.125
1570179151635390,0.375,-0.375,0
1570179151658328,0.6875,-0.1875,0
1570179151680273,0.625,-0.25,0.0625
1570179151695300,-0.3125,-0.125,0
1570179151718168,-1,-0.25,0
1570179151741106,0,-0.25,-0.25
1570179151762060,0.625,-0.125,-0.625
1570179151778008,0.625,-0.3125,-0.3125
1570179151800946,0.75,-0.4375,0.0625
1570179151821892,0.4375,-0.4375,0.5
1570179151837848,0.25,-0.1875,0.1875
1570179151860974,0.4375,-0.125,0.125
1570179151881734,0.375,-0.25,-0.0625
1570179151898685,0.25,-0.125,-0.25
1570179151920813,0.125,0.0625,-0.375
1570179151941813,-0.0625,0.0625,-0.125
1570179151958525,-1.125,0.0625,-0.0625
1570179151980467,-2.125,0.0625,-0.1875
1570179152001411,-2,0,-0.3125
1570179152018366,-1.8125,0.0625,-0.625
1570179152040468,-1.375,-0.125,-0.625
1570179152061423,-0.5625,-0.375,-0.1875
1570179152078205,0.0625,-0.375,-0.0625
1570179152100494,0.1875,-0.25,0
1570179152122088,0.1875,-0.25,0.1875
1570179152138386,0.0625,-0.1875,0.125
1570179152160984,0.375,-0.0625,0.1875
1570179152183922,0.75,0,0.0625
1570179152203874,0.5,0.0625,0
1570179152220824,0.25,0.0625,0.0625
1570179152242766,0.3125,-0.0625,0.25
1570179152257727,0.5,-0.0625,0.3125
1570179152264943,0.4375,-0.0625,0.125
1570179152286208,0.75,-0.0625,0.25
1570179152309586,0.6875,-0.0625,0.1875
1570179152323551,0.4375,0,0.1875
1570179152346488,0,0.125,0
1570179152368429,-0.4375,0.0625,-0.0625
1570179152383389,-0.625,0.0625,0.0625
1570179152406328,-0.3125,0.0625,0.125
1570179152428401,0.0625,0.0625,0.125
1570179152443378,-0.25,0.125,0.125
1570179152466170,-1.0625,0.1875,0
1570179152489198,-1.625,0.3125,0.0625
1570179152503072,-1.5,0.375,-0.3125
1570179152526008,-0.4375,0.375,-0.6875
1570179152548945,-0.125,0.5,-0.6875
1570179152563905,-0.75,0.25,-0.25
1570179152587844,-1.1875,0.375,0.0625
1570179152608834,-1.5625,0.5,0.0625
1570179152623778,-1.5,0.625,-0.1875
1570179152646166,-1,0.4375,-0.25
1570179152676716,-0.9375,0.5,-0.1875
1570179152684656,-0.6875,0.5625,-0.25
1570179152706525,-0.125,0.5,0.0625
1570179152728643,0.25,0.25,0.3125
1570179152745422,-0.0625,0.3125,0.375
1570179152766932,-0.5,0.1875,0.25
1570179152788306,-0.4375,0.125,-0.0625
1570179152805261,-1.0625,0.1875,-0.4375
1570179152826209,-1.3125,0.4375,-0.5
1570179152848150,-1.625,0.25,-0.125
1570179152865328,-1.75,0.375,0.1875
1570179152886044,-1.625,0.5625,0
1570179152908983,-1.4375,0.5,0.0625
1570179152925121,-1.25,0.5,0.125
1570179152945885,-0.875,0.4375,-0.125
1570179152968824,-0.625,0.625,-0.375
1570179152984782,0,0.375,0.125
1570179153006200,1.0625,0.0625,0.625
1570179153028715,1.5625,-0.125,0.8125
1570179153044824,1.75,-0.0625,1
1570179153066456,1.0625,0.125,0.75
1570179153088635,0.0625,0.4375,0.3125
1570179153105038,-0.75,0.5,-0.0625
1570179153126401,-1.25,0.5,-0.125
1570179153148391,-0.875,0.5,-0.0625
1570179153166102,-0.625,0.1875,0
1570179153186662,-0.5625,0.25,-0.0625
1570179153208672,-0.375,0.25,0
1570179153226351,-0.1875,0.1875,-0.0625
1570179153246251,-0.9375,0.25,-0.125
1570179153270366,-1.8125,0.5,-0.4375
1570179153286488,-1.6875,0.5625,-0.1875
1570179153306255,-0.9375,0.4375,-0.1875
1570179153328565,0.9375,0.4375,-0.5625
1570179153347197,4,0.0625,-0.25
1570179153366145,7.125,-0.875,1.4375
1570179153388087,13.375,-1.5625,2.8125
1570179153406038,20.125,-0.125,3.8125
1570179153425988,28.8125,0.125,6.1875
1570179153448925,57.4375,5.0625,6.125
1570179153465879,89.875,18.5625,-4
1570179153486076,126.938,24.375,-29.3125
1570179153508843,145.813,22.8125,-58.3125
1570179153526715,105.125,49.75,-60.6875
1570179153553643,26.8125,75.5,-60.125
1570179153568602,-42.375,86.3125,-104.625
1570179153590544,-75.3125,111.938,-92.9375
1570179153605516,-64,144.438,-96.3125
1570179153628441,-40,163.375,-112.125
1570179153646629,-12.4375,169.875,-123.375
1570179153665716,1.3125,168.938,-134.063
1570179153688506,-6.4375,166.75,-140.875
1570179153706465,-17.3125,167.813,-135.625
1570179153727514,-24.9375,166.563,-118.125
1570179153748341,-31.625,160.563,-115.813
1570179153766295,-26.75,148.625,-114.563
1570179153787240,-21.6875,133.875,-108.688
1570179153808182,-10.5,117.375,-101.063
1570179153826134,-3.25,103,-95.8125
1570179153847474,-3.875,89.8125,-88.6875
1570179153869021,-11.5625,71,-78.0625
1570179153886219,-21.0625,54.0625,-62.125
1570179153909299,-17.1875,45.8125,-51.6875
1570179153928859,-3.375,37.25,-45.0625
1570179153946812,0.4375,26.25,-35.0625
1570179153967761,0.75,14.25,-24.625
1570179153988699,3.1875,3.5625,-12.875
1570179154006655,3.25,-1.8125,-1.8125
1570179154027596,3.4375,-5.625,8.9375
1570179154048705,-0.125,-11.875,15.0625
1570179154066715,7.4375,-20.375,11.4375
1570179154088766,25.75,-18.9375,-8.0625
1570179154108509,42.0625,-16.4375,-27.125
1570179154126331,33,-15.9375,-36.6875
1570179154149271,1.75,-10.8125,21.6875
1570179154168223,-26.375,-8.5625,85.0625
1570179154186278,-15.9375,-19.8125,110.25
1570179154209110,14.5,-15,95.375
1570179154236143,13.5625,-35.375,42.8125
1570179154253990,-1.5,-38.875,2
1570179154269144,-28,-33.625,7.875
1570179154288897,-32.8125,-20.25,23.3125
1570179154306848,-30.375,-8.8125,2.625
1570179154328791,-20.375,-11.75,-33.8125
1570179154348737,-17.5625,-6,-27
1570179154366792,-33.0625,6.375,-5.75
1570179154389627,-29.875,17.125,-22
1570179154408582,-14.8125,16.8125,-60.3125
1570179154426528,5.8125,7.875,-85.875
1570179154449469,2.0625,6.3125,-69.1875
1570179154468559,-16.9375,6.125,-40.875
1570179154486371,-22.4375,0.0625,-29.1875
1570179154509308,-4.0625,-0.375,-23.0625
1570179154530251,16.4375,4.375,-13.375
1570179154546209,23.6875,2.75,-5.5625
1570179154569146,21.0625,-7.25,-5.75
1570179154588488,13.375,-14.9375,-4.875
1570179154606083,12.5625,-16.6875,-0.3125
1570179154628988,14.9375,-16.625,-4.875
1570179154648935,28.0625,-14.125,-21.6875
1570179154665889,36.25,-9.875,-32.5625
1570179154688827,26.9375,4.0625,-9.625
1570179154709771,-6.0625,7.5625,13.3125
1570179154726727,-20.6875,1.5625,22.3125
1570179154749258,-1.5625,-7.9375,29.4375
1570179154771606,2.625,-25.125,31.4375
1570179154786566,-1.25,-27.75,39.9375
1570179154808507,-6.3125,-28.875,28.125
1570179154831114,-6.875,-22.875,11.4375
1570179154851394,-13.0625,-15.4375,1.0625
1570179154875329,-11.625,-7.9375,7.6875
1570179154889346,-22.625,0.9375,20.75
1570179154911232,-23.25,3.125,12.125
1570179154928187,-11.75,0,-12.875
1570179154949133,-2,6.125,-15
1570179154972163,-0.375,14.375,-4.625
1570179154988030,-0.9375,13.875,-6.75
1570179155008970,-3.4375,11.0625,-6.125
1570179155025929,-3.875,9.4375,-3.125
1570179155047868,3.625,5.25,-10.6875
1570179155070806,6.125,-1.875,-15.9375
1570179155085767,6.8125,-6.625,-8
1570179155107708,7.75,-8.6875,2.1875
1570179155130647,9.9375,-11.1875,7.0625
1570179155151591,11.875,-13.75,11.375
1570179155168544,10.4375,-16,15.5
1570179155190489,8.6875,-18.25,17.4375
1570179155211432,9.1875,-19.1875,18.8125
1570179155228385,8.3125,-19.8125,21.5
1570179155250326,14.375,-23.75,30.6875
1570179155271988,8.3125,-33.6875,49.375
1570179155288226,13.0625,-52.3125,54.5625
1570179155311164,24.125,-73.875,51.1875
1570179155331329,31,-85.625,47.5625
1570179155348064,36.5,-85.5625,46.4375
1570179155371004,22.0625,-91.5625,52.125
1570179155391947,6.625,-102.563,61.375
1570179155408907,1.9375,-110.188,69.625
1570179155430962,6.875,-108.438,71.6875
1570179155451808,12.1875,-105.375,78.5
1570179155468442,19.5625,-108.125,88.375
1570179155490848,25.875,-112.188,94.875
1570179155511627,35.5625,-109.75,99
1570179155528581,41.5625,-106.125,103.938
1570179155550843,39.0625,-107.5,105.188
1570179155571483,38,-104.688,103.625
1570179155587550,40.125,-96,100.813
1570179155610363,37.5,-86.5625,100.125
1570179155631308,29.4375,-84.9375,97.4375
1570179155648383,23.375,-85.9375,91
1570179155670203,25.5,-77.9375,84.125
1570179155692144,23.25,-67.8125,75.6875
1570179155708101,9.5,-63.3125,65.6875
1570179155731040,-34.25,-64.5,44.5
1570179155751991,-58.4375,-67.125,51.0625
1570179155775920,-84.625,-44.8125,64.8125
1570179155790969,4.625,6.75,13.625
1570179155811826,68.25,35.5625,-37.3125
1570179155827781,66.3125,32.4375,-18.9375
1570179155850724,51.4375,16.125,9.5625
1570179155871664,12.5625,-14.875,22.4375
1570179155887670,-11.875,-27.5,23.5
1570179155918539,-17.9375,-20.25,17.6875
1570179155931588,-7.4375,-5.5,-0.375
1570179155947626,5.875,8.125,-10.5625
1570179155970447,1.8125,10.3125,-11.4375
1570179155993410,-5.8125,3.125,-2.1875
1570179156008676,-9.5,-1.75,6.9375
1570179156030246,-7,-4.25,3.6875
1570179156053185,-8,-2.9375,-1.6875
1570179156067146,-7,-0.0625,-4.1875
1570179156090502,-4.0625,1.125,-3.25
1570179156114624,0.625,0.3125,-2.8125
1570179156126982,5.375,-2.4375,-1.6875
1570179156150918,5,-2.75,0.8125
1570179156172935,1.4375,-1.25,2.625
1570179156187819,-2.1875,1.1875,2.5625
1570179156210757,-4.8125,2.6875,1.25
1570179156232704,-7.75,2.4375,0.4375
1570179156247659,-10.25,1.8125,-0.375
1570179156270733,-12.125,1.75,-1.25
1570179156293536,-12.5625,1.625,-1.9375
1570179156307499,-10,2.25,-1.75
1570179156330439,-7.25,1.9375,-0.5
1570179156353378,-4.4375,0.875,0.6875
1570179156374414,-3.25,0.25,0.8125
1570179156390475,-3.6875,0.6875,0
1570179156413215,-4.375,1.5,-0.875
1570179156427294,-4.1875,1.6875,-1.1875
1570179156451114,-3.875,1.375,-0.875
1570179156473054,-2.8125,0.8125,-0.875
1570179156494000,-1.875,0.5625,-1.3125
1570179156510954,-2.5,0.75,-1.75
1570179156532956,-3.1875,0.8125,-1.5
1570179156553943,-3.875,0.875,-1.4375
1570179156570795,-3.875,0.9375,-1.125
1570179156592930,-3.5,0.875,-0.5
1570179156614677,-3.625,0.875,-0.25
1570179156630634,-4.625,0.625,-0.0625
1570179156653579,-5.375,0.75,-0.0625
1570179156674523,-4.3125,0.75,-0.125
1570179156690479,-3.125,0.625,-0.3125
1570179156713412,-1.3125,0.375,0.125
1570179156734357,1.1875,-0.3125,1.125
1570179156750316,3.0625,-0.75,1
1570179156773252,5.0625,-0.9375,0.4375
1570179156797189,5.8125,-1.1875,-0.0625
1570179156810282,5.4375,-1.125,-0.125
1570179156833091,5.0625,-0.8125,0
1570179156854085,3.875,-0.625,-0.0625
1570179156869997,2.1875,-0.125,-0.25
1570179156892932,1,0.125,-0.375
1570179156915871,0.6875,0.1875,-0.25
1570179156930910,0.4375,0.0625,0.25
1570179156959069,0.9375,0,0.375
1570179156975908,1.0625,-0.0625,-0.125
1570179156990933,1,-0.125,-0.25
1570179157013443,1.6875,-0.125,0.0625
1570179157035651,0.9375,-0.1875,0.0625
1570179157050491,0.5625,0.125,0.125
1570179157072999,-0.625,0.25,0.375
1570179157095274,-1.3125,0.4375,0.375
1570179157110240,-0.9375,0.4375,0.375
1570179157134409,0.8125,0,0.3125
1570179157156027,1.5,-0.3125,0.125
1570179157169921,0.4375,0,-0.125
1570179157192862,-0.125,0.3125,-0.1875
1570179157215845,-0.125,0.0625,0.0625
1570179157229956,0.3125,0.0625,-0.125
1570179157253736,0.0625,-0.0625,-0.25
1570179157275675,-0.1875,0.25,-0.3125
1570179157289761,-1.25,0.25,-0.375
1570179157313585,-1.6875,0.375,-0.3125
1570179157335562,-1.4375,0.375,-0.25
1570179157350473,-0.4375,0.3125,-0.0625
1570179157373415,0.75,0.25,0.1875
1570179157395355,1.875,0.0625,0.5625
1570179157424276,2.125,0.0625,0.625
1570179157433253,1.375,0.125,0.375
1570179157455194,-0.4375,0.3125,0
1570179157477139,-2.3125,0.375,-0.4375
1570179157493094,-2.0625,0.25,-0.125
1570179157516031,-0.125,0.125,-0.3125
1570179157536976,0.25,0.1875,-0.5625
1570179157552932,0.25,0.1875,-0.0625
1570179157575754,-0.5,0.0625,0.6875
1570179157596615,-0.9375,0.25,0.1875
1570179157612710,-0.8125,0.25,-0.1875
1570179157635512,-1.25,0.3125,-0.25
1570179157656456,-0.375,0.3125,-0.1875
1570179157673411,-1,0.25,-0.125
1570179157695353,-0.75,0.4375,-0.125
1570179157717294,-0.125,0.0625,-0.125
1570179157733253,0.375,0.125,0
1570179157755193,0.3125,-0.0625,0
1570179157777136,0.1875,0.0625,-0.125
1570179157793566,0.25,0.1875,0.125
1570179157816030,0.5,0.0625,0.3125
1570179157836972,0.5,0.0625,0.0625
1570179157853050,0.1875,0.0625,0.0625
1570179157875871,-0.1875,0.0625,0.125
1570179157897809,0.125,0.0625,0.0625
1570179157912962,0.125,0.0625,-0.125
1570179157935709,0.5,0.0625,-0.125
1570179157957650,0.8125,-0.1875,-0.125
1570179157972823,1.0625,-0.125,0
1570179157995707,0.6875,-0.125,0
1570179158018490,0.75,0.0625,0.0625
1570179158032457,1,0,0.1875
1570179158055388,0.75,-0.0625,0.1875
1570179158078327,0.125,0.0625,-0.125
1570179158092421,-1,0.1875,-0.25
1570179158116226,-1,0.3125,-0.1875
1570179158138326,-1.125,0.1875,-0.25
1570179158152419,-1.0625,0.3125,-0.3125
1570179158176070,-1.125,0.3125,-0.0625
1570179158198007,-0.75,0.1875,-0.0625
1570179158212103,-0.875,0.1875,-0.125
1570179158235906,-1,0.4375,-0.25
1570179158257849,-0.625,0.1875,-0.125
1570179158272807,-0.5625,0.125,-0.25
1570179158295788,-0.25,0.0625,-0.125
1570179158317696,-0.4375,0.0625,0.0625
1570179158332649,-1.25,0.25,-0.3125
1570179158355586,-3.1875,0.3125,-0.5
1570179158378526,-2.875,0.25,-0.1875
1570179158399469,-1,0.1875,-0.25
1570179158416424,-0.8125,0.1875,-0.75
1570179158438364,-0.125,0.125,-0.3125
1570179158459395,0.5625,-0.25,0.6875
1570179158476263,0.4375,-0.1875,0.625
1570179158498315,0.375,-0.0625,0
1570179158519155,1.25,-0.0625,-0.125
1570179158536112,1.5625,-0.125,-0.0625
1570179158558047,0.5625,0,-0.0625
1570179158578990,-0.3125,0.3125,0.0625
1570179158595949,0,0.25,0.25
1570179158618156,-0.125,0.1875,0.0625
1570179158639720,-0.625,0.0625,0.1875
1570179158655783,-0.625,0,0.1875
1570179158677727,-0.4375,0.0625,-0.5625
1570179158699372,0,0,-0.75
1570179158715625,0.375,-0.0625,0.125
1570179158737566,0.3125,0,0.4375
1570179158759509,0.125,0.1875,0.375
1570179158775463,-0.0625,0.1875,0.4375
1570179158798401,-0.375,0.0625,0.4375
1570179158820786,0.125,0.25,0.1875
1570179158835470,0.1875,0.3125,0.0625
1570179158858310,0.5,0.0625,0
1570179158880183,0.125,0.0625,0
1570179158895142,0.1875,0.0625,0.1875
1570179158918088,0.5625,-0.1875,0.25
1570179158941021,0.4375,-0.125,-0.0625
1570179158955095,0.3125,-0.0625,-0.125
1570179158977966,0.625,-0.0625,0.125
1570179159000874,0.5,-0.1875,0.125
1570179159014823,0.125,0,0
1570179159037761,0.375,0,0.1875
1570179159060700,0.4375,-0.0625,0.25
1570179159074663,0.5,-0.0625,0
1570179159098599,0.1875,0.0625,0.0625
1570179159120542,0,0.0625,0
1570179159134506,0,0.0625,0.125
1570179159158439,-0.0625,0.0625,0.1875
1570179159180456,0.1875,0.0625,0.1875
1570179159195344,0.1875,0.0625,0.0625
1570179159218280,-0.375,0.0625,0
1570179159240220,-0.8125,0.0625,0.1875
1570179159255181,-1.125,0.0625,0.375
1570179159278123,0.6875,-0.125,0.0625
1570179159301058,0.8125,-0.0625,-0.4375
1570179159322002,0.6875,0.0625,0
1570179159337962,0.625,-0.125,0.75
1570179159360901,0,-0.0625,0.875
1570179159381847,-0.3125,0.1875,0.375
1570179159398176,-0.75,0.25,0
1570179159420742,-0.5625,0.1875,0.1875
1570179159449660,-0.5,0.125,-0.0625
1570179159457646,-0.25,0.125,-0.25
1570179159480795,-0.5625,0.25,-0.0625
1570179159502522,-1.375,0.375,-0.1875
1570179159524535,-2,0.3125,0
1570179159540417,-1.25,0.1875,-0.0625
1570179159561364,-1.3125,0.125,-0.5
1570179159578320,-1.25,0.3125,-0.5
1570179159600293,-1.4375,0.25,0.0625
1570179159621336,-1.0625,0.1875,0.0625
1570179159638206,-0.5625,0.1875,-0.1875
1570179159661095,-0.625,0.1875,0
1570179159682040,-0.6875,0.1875,0
1570179159697212,-0.4375,0.1875,-0.0625
1570179159720935,0.25,0.1875,0.3125
1570179159741970,0.4375,0.1875,0.4375
1570179159757836,0.5625,0.3125,0.5
1570179159780775,0.5625,0.25,0.25
1570179159803858,0,0.0625,0
1570179159817678,0.0625,0.125,-0.125
1570179159840614,0.375,0.0625,0.0625
1570179159863554,0.625,0.0625,0.3125
1570179159877516,0.3125,0.125,0.25
1570179159901526,-0.125,0.1875,-0.125
1570179159923393,-0.75,0.1875,-0.1875
1570179159937356,-0.8125,0.25,-0.0625
1570179159960478,-1,0.125,-0.125
1570179159983236,-1,0.25,-0.1875
1570179159997405,-1.125,0.375,-0.3125
1570179160020136,-1.5625,0.4375,-0.3125
1570179160026122,-2.1875,0.3125,-0.1875
1570179160048061,-1.875,0.1875,0
1570179160065118,-0.875,0.125,-0.25
1570179160085962,-0.3125,0.1875,-0.9375
1570179160108899,-0.8125,0.3125,-0.5
1570179160125054,-0.8125,0.1875,0.3125
1570179160145801,-0.8125,0.125,0.5
1570179160168854,-0.9375,0.3125,0
1570179160184694,-1,0.25,-0.3125
1570179160206339,-1.25,0.1875,-0.375
1570179160228583,-1,0.3125,-0.5625
1570179160244539,-1.25,0.4375,-0.375
1570179160266484,-1.6875,0.4375,-0.25
1570179160288418,-2,0.5,-0.5
1570179160305373,-2.3125,0.625,-0.6875
1570179160326320,-2.25,0.25,-0.4375
1570179160348317,-1.5,0.25,-0.5625
1570179160365220,-1.25,0.1875,-0.875
1570179160386275,-1,0.1875,-0.5
1570179160408512,-0.75,0.1875,-0.125
1570179160425056,-0.75,0.25,-0.0625
1570179160446004,-0.6875,0.1875,-0.125
1570179160468941,-0.5625,0.1875,-0.0625
1570179160484997,-0.625,0.375,-0.125
1570179160505837,-0.3125,0.3125,-0.125
1570179160528897,0.125,0.125,-0.0625
1570179160544736,0.5,0.0625,-0.125
1570179160565677,0.4375,0.0625,-0.125
1570179160588618,0.0625,0.125,-0.1875
1570179160604580,0.125,0.125,0
1570179160625526,0.625,0.0625,-0.1875
1570179160648455,0.4375,0.0625,-0.25
1570179160665411,0.125,0.0625,-0.1875
1570179160686361,-0.0625,0.125,0
1570179160708295,-0.5625,0.25,0.0625
1570179160726248,-0.4375,0.3125,0.0625
1570179160746194,-0.25,0.125,0.25
1570179160769132,0.1875,0.125,0.125
1570179160786087,-0.0625,0.1875,0.1875
1570179160806034,-0.375,0.3125,0.1875
1570179160829970,-1.5625,0.4375,-0.1875
