timestamp,x,y,z,w
1569406282080612,0.463501,-0.174255,0.215942,0.841492
1569406282104554,0.464783,-0.172424,0.209839,0.842712
1569406282119506,0.46283,-0.172668,0.204407,0.845093
1569406282141770,0.459656,-0.17395,0.199646,0.847656
1569406282165744,0.458008,-0.175842,0.195129,0.849182
1569406282180744,0.460083,-0.177917,0.190796,0.848633
1569406282201689,0.465698,-0.179199,0.186646,0.846191
1569406282257176,0.474792,-0.179138,0.183289,0.841919
1569406282258135,0.485901,-0.179443,0.18158,0.835876
1569406282259132,0.497375,-0.179688,0.183044,0.828674
1569406282285476,0.511108,-0.17804,0.188538,0.819458
1569406282293043,0.52478,-0.176086,0.195557,0.809509
1569406282318020,0.537659,-0.17334,0.201965,0.799988
1569406282358868,0.548035,-0.168274,0.207825,0.79248
1569406282368840,0.557312,-0.161438,0.213562,0.785889
1569406282375051,0.564697,-0.154724,0.21698,0.781006
1569406282396811,0.568542,-0.150452,0.217041,0.779053
1569406282412765,0.569153,-0.147827,0.214722,0.779785
1569406282442687,0.565552,-0.14563,0.21051,0.783936
1569406282457645,0.55658,-0.14502,0.205872,0.791626
1569406282481575,0.544373,-0.146179,0.200867,0.801147
1569406282503514,0.532776,-0.148499,0.195435,0.809814
1569406282525466,0.524414,-0.151917,0.190491,0.815796
1569406282540383,0.520142,-0.154846,0.18634,0.818909
1569406282563320,0.520508,-0.155884,0.181335,0.819641
1569406282584265,0.523865,-0.155823,0.175781,0.818726
1569406282600222,0.526733,-0.157043,0.170471,0.817749
1569406282623162,0.5271,-0.160034,0.166382,0.81781
1569406282644148,0.524414,-0.163879,0.163757,0.819275
1569406282661060,0.518127,-0.16748,0.162903,0.822754
1569406282683000,0.51123,-0.169556,0.162415,0.82666
1569406282704985,0.506592,-0.170227,0.162598,0.829407
1569406282720946,0.506409,-0.169434,0.163757,0.829407
1569406282742881,0.510803,-0.167419,0.165466,0.826782
1569406282764783,0.517822,-0.164429,0.167114,0.822693
1569406282780786,0.525146,-0.160889,0.168396,0.818481
1569406282802681,0.531189,-0.15741,0.16925,0.815063
1569406282825655,0.534912,-0.154846,0.169556,0.813049
1569406282840580,0.535645,-0.153015,0.168823,0.813049
1569406282863550,0.533447,-0.151733,0.166992,0.815125
1569406282884466,0.529175,-0.150513,0.164551,0.818604
1569406282900421,0.524231,-0.149231,0.161865,0.822571
1569406282929344,0.520569,-0.147949,0.158203,0.825867
1569406282945299,0.51947,-0.147095,0.155212,0.827209
1569406282968244,0.519104,-0.146667,0.152588,0.828064
1569406282983199,0.517273,-0.146606,0.149902,0.829712
1569406283011123,0.514709,-0.146912,0.147888,0.831604
1569406283020099,0.512695,-0.147949,0.146973,0.832825
1569406283043042,0.511414,-0.14917,0.146851,0.833374
1569406283064029,0.510193,-0.149963,0.147217,0.833984
1569406283080981,0.508728,-0.149841,0.147278,0.834839
1569406283102878,0.506775,-0.149292,0.147278,0.836121
1569406283123821,0.505127,-0.148743,0.14801,0.837097
1569406283140777,0.50415,-0.148071,0.14856,0.837708
1569406283170697,0.503723,-0.147522,0.148438,0.838074
1569406283183662,0.503845,-0.147156,0.148438,0.838074
1569406283200617,0.503601,-0.146729,0.148438,0.838257
1569406283223555,0.503601,-0.14679,0.148682,0.838257
1569406283244500,0.50415,-0.146973,0.149231,0.837769
1569406283260458,0.505188,-0.14679,0.149902,0.837097
1569406283273423,0.506409,-0.14679,0.150513,0.836243
1569406283288382,0.50769,-0.147034,0.151123,0.835266
1569406283311363,0.508728,-0.147583,0.151672,0.834473
1569406283333282,0.508972,-0.147888,0.151855,0.834229
1569406283350217,0.508972,-0.147949,0.151855,0.834229
1569406283371195,0.509216,-0.148193,0.1521,0.833984
1569406283396094,0.509399,-0.148315,0.152222,0.833862
1569406283410057,0.509583,-0.147827,0.152161,0.833801
1569406283431001,0.510193,-0.146912,0.151428,0.83374
1569406283452944,0.510864,-0.14563,0.150269,0.83374
1569406283469898,0.511169,-0.144409,0.148987,0.833984
1569406283490842,0.511597,-0.143677,0.147705,0.834106
1569406283513780,0.511719,-0.143616,0.147034,0.834167
1569406283531732,0.511719,-0.143555,0.146973,0.834167
1569406283550682,0.512207,-0.143127,0.1474,0.833862
1569406283573619,0.512756,-0.142761,0.147949,0.833496
1569406283589576,0.513611,-0.1427,0.148926,0.832825
1569406283610521,0.514648,-0.142944,0.150391,0.831909
1569406283633460,0.515686,-0.143433,0.151917,0.830872
1569406283651426,0.516968,-0.143738,0.152832,0.829895
1569406283674382,0.518311,-0.144043,0.153564,0.828857
1569406283693300,0.519287,-0.144226,0.153809,0.828125
1569406283711253,0.520081,-0.144348,0.153625,0.827637
1569406283731211,0.520508,-0.144287,0.153198,0.827454
1569406283753142,0.520569,-0.143921,0.152527,0.827576
1569406283771091,0.520325,-0.143372,0.151733,0.828003
1569406283791039,0.519836,-0.143127,0.150879,0.828552
1569406283813014,0.518616,-0.143005,0.150085,0.829407
1569406283830963,0.517456,-0.1427,0.149536,0.830322
1569406283850879,0.516541,-0.1427,0.149048,0.830994
1569406283873856,0.515991,-0.142883,0.14856,0.83136
1569406283891769,0.515503,-0.143127,0.148193,0.831665
1569406283910719,0.514893,-0.143311,0.147705,0.832153
1569406283933699,0.513794,-0.14325,0.147095,0.832947
1569406283951609,0.511902,-0.143005,0.146545,0.834229
1569406283970600,0.50946,-0.142944,0.146179,0.835815
1569406283993497,0.506653,-0.142761,0.145874,0.837585
1569406284011449,0.503784,-0.142517,0.145569,0.839417
1569406284031523,0.500977,-0.142395,0.14502,0.841248
1569406284053337,0.498047,-0.142334,0.144287,0.843079
1569406284071290,0.495178,-0.142212,0.143616,0.84491
1569406284091237,0.492676,-0.141968,0.143005,0.846497
1569406284113179,0.490845,-0.141541,0.142639,0.847717
1569406284131130,0.489563,-0.140991,0.142334,0.848572
1569406284151077,0.489075,-0.140686,0.142273,0.848938
1569406284173050,0.488953,-0.140808,0.1427,0.848938
1569406284191002,0.489319,-0.140869,0.143311,0.848572
1569406284210923,0.490234,-0.141113,0.143921,0.8479
1569406284233854,0.49115,-0.141357,0.144592,0.847229
1569406284251807,0.491943,-0.141479,0.145325,0.846619
1569406284270756,0.492493,-0.141541,0.145996,0.846191
1569406284293734,0.492798,-0.141724,0.146545,0.845886
1569406284311647,0.492981,-0.141907,0.14679,0.845703
1569406284330631,0.493164,-0.142029,0.146973,0.84552
1569406284353571,0.493408,-0.142212,0.146973,0.845337
1569406284371523,0.493713,-0.142517,0.147034,0.845093
1569406284392432,0.49408,-0.142883,0.147095,0.844849
1569406284413375,0.494568,-0.143127,0.147156,0.844482
1569406284431326,0.495178,-0.143372,0.147339,0.844055
1569406284452273,0.495667,-0.143616,0.147461,0.843689
1569406284473216,0.496155,-0.14386,0.147644,0.843384
1569406284491166,0.496399,-0.143982,0.147827,0.84314
1569406284512111,0.496887,-0.144165,0.148071,0.842834
1569406284533055,0.497253,-0.144287,0.148315,0.842529
1569406284551007,0.497681,-0.14447,0.148621,0.842163
1569406284571951,0.498169,-0.144653,0.148926,0.841797
1569406284593892,0.498779,-0.144714,0.149109,0.841431
1569406284611846,0.499146,-0.144897,0.149353,0.841125
1569406284632820,0.499451,-0.145081,0.149414,0.840881
1569406284660714,0.499695,-0.145142,0.149231,0.840759
1569406284671685,0.499695,-0.145142,0.149231,0.840759
1569406284698612,0.499878,-0.145142,0.149109,0.840698
1569406284713600,0.500183,-0.145142,0.148926,0.840576
1569406284731553,0.500549,-0.14502,0.148743,0.840393
1569406284753466,0.500793,-0.144958,0.148621,0.840271
1569406284773413,0.500793,-0.144958,0.148621,0.840271
1569406284799343,0.500793,-0.144958,0.148621,0.840271
1569406284814303,0.500427,-0.144897,0.14856,0.840454
1569406284833304,0.5,-0.144714,0.14856,0.840759
1569406284851205,0.499695,-0.144714,0.148621,0.840942
1569406284874144,0.499512,-0.144836,0.148865,0.841003
1569406284893129,0.499512,-0.144897,0.148865,0.841003
1569406284911044,0.499695,-0.144836,0.148865,0.840881
1569406284937974,0.499878,-0.144836,0.148804,0.840759
1569406284953929,0.499939,-0.144836,0.148804,0.840759
1569406284970885,0.499939,-0.144836,0.148804,0.840759
1569406284993823,0.499939,-0.144775,0.148804,0.840759
1569406285013774,0.499939,-0.144775,0.148804,0.840759
1569406285031760,0.499939,-0.144775,0.148743,0.840759
1569406285058651,0.5,-0.144775,0.148743,0.840759
1569406285073611,0.499939,-0.144714,0.148743,0.840759
1569406285091563,0.499817,-0.144714,0.148682,0.840881
1569406285113534,0.499634,-0.144714,0.148743,0.841003
1569406285133492,0.499329,-0.144714,0.148743,0.841125
1569406285151402,0.499084,-0.144714,0.148743,0.841309
1569406285174380,0.498779,-0.144714,0.148804,0.841492
1569406285193321,0.498535,-0.144714,0.148743,0.841614
1569406285211243,0.498352,-0.144653,0.148621,0.841736
1569406285234181,0.498108,-0.14447,0.148376,0.84198
1569406285254131,0.497986,-0.144226,0.148071,0.842163
1569406285272217,0.497864,-0.14386,0.147705,0.842346
1569406285294022,0.497864,-0.14386,0.147705,0.842346
1569406285314966,0.497681,-0.143799,0.147583,0.842468
1569406285339912,0.497437,-0.143799,0.147522,0.842651
1569406285353951,0.497131,-0.143921,0.147583,0.842773
1569406285375046,0.497131,-0.143982,0.147583,0.842773
1569406285391760,0.497192,-0.143921,0.147705,0.842712
1569406285414805,0.497559,-0.143921,0.147705,0.842529
1569406285434788,0.49823,-0.14386,0.147705,0.842102
1569406285451599,0.498962,-0.143799,0.147644,0.841736
1569406285474835,0.499512,-0.143738,0.147705,0.84137
1569406285494926,0.499878,-0.143799,0.147644,0.841187
1569406285512438,0.499878,-0.143799,0.147644,0.841187
1569406285534699,0.499695,-0.143616,0.147339,0.84137
1569406285555323,0.49939,-0.143433,0.147034,0.841614
1569406285571443,0.499146,-0.143311,0.146851,0.841797
1569406285594220,0.499146,-0.143311,0.146851,0.841797
1569406285617340,0.499451,-0.143433,0.146851,0.841614
1569406285639099,0.500122,-0.143616,0.146912,0.841187
1569406285654060,0.500854,-0.143738,0.147034,0.840698
1569406285683979,0.501709,-0.14386,0.147095,0.840149
1569406285692336,0.502563,-0.143982,0.147156,0.839661
1569406285714896,0.503113,-0.144104,0.147217,0.839233
1569406285737272,0.50354,-0.144165,0.147339,0.838989
1569406285751802,0.503845,-0.144226,0.147583,0.838745
1569406285773184,0.503967,-0.144287,0.147766,0.838623
1569406285796678,0.504089,-0.144409,0.147949,0.838501
1569406285817074,0.50415,-0.144592,0.148254,0.838379
1569406285833017,0.504333,-0.144775,0.148499,0.838196
1569406285856559,0.504456,-0.144897,0.148621,0.838074
1569406285876863,0.504761,-0.144958,0.148621,0.837891
1569406285893691,0.505188,-0.145142,0.148682,0.837585
1569406285915730,0.505615,-0.145264,0.148621,0.83728
1569406285930321,0.506104,-0.145203,0.148438,0.837036
1569406285953695,0.50647,-0.145142,0.148193,0.836853
1569406285975633,0.506775,-0.14502,0.147888,0.836792
1569406285990161,0.506836,-0.14502,0.147888,0.836731
1569406286013101,0.506775,-0.144958,0.147766,0.836853
1569406286036038,0.50647,-0.144958,0.147705,0.836975
1569406286050999,0.506165,-0.144958,0.147644,0.837158
1569406286073445,0.505859,-0.144836,0.147583,0.837402
1569406286095385,0.505554,-0.144714,0.147522,0.837646
1569406286110347,0.50531,-0.144714,0.147583,0.837769
1569406286133284,0.50531,-0.144714,0.147644,0.837769
1569406286156546,0.50531,-0.144714,0.147644,0.837769
1569406286177564,0.50531,-0.144714,0.147644,0.837769
1569406286193485,0.50531,-0.144775,0.147644,0.837769
1569406286215711,0.505127,-0.144653,0.147461,0.837891
1569406286237535,0.504822,-0.144592,0.147278,0.838135
1569406286253527,0.504333,-0.144409,0.147034,0.838501
1569406286275675,0.504089,-0.144348,0.146912,0.838684
1569406286297610,0.503906,-0.144287,0.146912,0.838806
1569406286313296,0.503662,-0.144348,0.146973,0.838928
1569406286335236,0.503418,-0.144348,0.147034,0.83905
1569406286357186,0.503418,-0.144348,0.147034,0.83905
1569406286373237,0.503418,-0.144348,0.147034,0.839111
1569406286395548,0.503418,-0.144348,0.147034,0.839111
1569406286417346,0.503418,-0.144287,0.147034,0.839111
1569406286433232,0.503357,-0.144287,0.147034,0.839111
1569406286455916,0.503357,-0.144287,0.147034,0.839111
1569406286477317,0.503357,-0.144287,0.147034,0.839111
1569406286493127,0.503357,-0.144287,0.147034,0.839111
1569406286515755,0.503357,-0.144287,0.147034,0.839111
1569406286537062,0.503357,-0.144287,0.147034,0.839111
1569406286553986,0.50354,-0.144287,0.147034,0.83905
1569406286575594,0.50354,-0.144287,0.147034,0.838989
1569406286596539,0.50354,-0.144287,0.147034,0.838989
1569406286613538,0.50354,-0.144287,0.147034,0.838989
1569406286635436,0.50354,-0.144287,0.147034,0.838989
1569406286658374,0.50354,-0.144287,0.147034,0.838989
1569406286673334,0.50354,-0.144287,0.147034,0.838989
1569406286695275,0.50354,-0.144287,0.147034,0.838989
1569406286718225,0.50354,-0.144287,0.147034,0.838989
1569406286733173,0.50354,-0.144287,0.147034,0.838989
1569406286756117,0.503601,-0.144287,0.147034,0.838989
1569406286778054,0.503601,-0.144287,0.147034,0.838989
1569406286792017,0.503601,-0.144287,0.147034,0.838989
1569406286815980,0.503601,-0.144287,0.146973,0.838989
1569406286837894,0.503601,-0.144287,0.146973,0.838989
1569406286852867,0.503601,-0.144287,0.146973,0.838989
1569406286875792,0.503357,-0.144226,0.146973,0.839111
1569406286897733,0.503113,-0.144226,0.147034,0.839294
1569406286912696,0.503113,-0.144226,0.147034,0.839294
1569406286935632,0.503052,-0.144165,0.146912,0.839355
1569406286957584,0.503052,-0.144165,0.146912,0.839355
1569406286972534,0.503052,-0.144165,0.146912,0.839355
1569406286995474,0.503052,-0.144104,0.146912,0.839355
1569406287018412,0.503052,-0.144104,0.146912,0.839355
1569406287032375,0.503052,-0.144104,0.146912,0.839355
1569406287055313,0.503052,-0.144104,0.146912,0.839355
1569406287078251,0.50293,-0.144043,0.146729,0.839478
1569406287092214,0.502808,-0.143921,0.146606,0.8396
1569406287116184,0.502808,-0.143982,0.146606,0.8396
1569406287138090,0.502808,-0.143921,0.146606,0.8396
1569406287159655,0.502808,-0.143921,0.146606,0.8396
1569406287175496,0.502808,-0.143921,0.146545,0.8396
1569406287197633,0.502625,-0.143982,0.146667,0.839661
1569406287218914,0.50238,-0.143982,0.146667,0.839844
1569406287235862,0.502197,-0.14386,0.146545,0.839966
1569406287257801,0.502075,-0.143738,0.146423,0.840088
1569406287279746,0.501831,-0.143616,0.146362,0.840271
1569406287295701,0.501648,-0.143677,0.146423,0.840332
1569406287318651,0.501404,-0.143677,0.146423,0.840454
1569406287339583,0.501404,-0.143677,0.146423,0.840454
1569406287355541,0.501404,-0.143677,0.146423,0.840454
1569406287378481,0.501526,-0.143738,0.146545,0.840393
1569406287399423,0.50177,-0.143799,0.146729,0.84021
1569406287415381,0.502197,-0.143921,0.146973,0.839905
1569406287438319,0.502625,-0.143982,0.147095,0.8396
1569406287459265,0.503052,-0.144104,0.147217,0.839294
1569406287475220,0.503418,-0.144226,0.147339,0.83905
1569406287498160,0.503723,-0.144287,0.1474,0.838806
1569406287519106,0.503723,-0.144348,0.1474,0.838806
1569406287535062,0.503723,-0.144348,0.1474,0.838806
1569406287558000,0.503723,-0.144287,0.1474,0.838806
1569406287580939,0.503723,-0.144287,0.1474,0.838806
1569406287595901,0.503723,-0.144287,0.1474,0.838806
1569406287617842,0.503845,-0.144409,0.147522,0.838745
1569406287640779,0.503845,-0.144409,0.147522,0.838745
1569406287661722,0.503845,-0.144409,0.147522,0.838745
1569406287677680,0.503967,-0.144409,0.147583,0.838623
1569406287700622,0.504089,-0.144592,0.147766,0.838501
1569406287714581,0.504089,-0.144592,0.147766,0.838501
1569406287738518,0.504272,-0.144653,0.147827,0.838379
1569406287760464,0.504517,-0.144714,0.147888,0.838196
1569406287775420,0.504761,-0.144714,0.147888,0.838074
1569406287798369,0.504761,-0.144714,0.147888,0.838013
1569406287820297,0.504761,-0.144714,0.147888,0.838013
1569406287835260,0.504639,-0.144714,0.147949,0.838135
1569406287858198,0.504395,-0.144775,0.14801,0.838257
1569406287880159,0.504395,-0.144775,0.14801,0.838257
1569406287895099,0.504395,-0.144775,0.14801,0.838257
1569406287918047,0.504395,-0.144775,0.14801,0.838257
1569406287940985,0.504395,-0.144775,0.14801,0.838257
1569406287954939,0.504395,-0.144775,0.14801,0.838257
1569406287977877,0.504395,-0.144775,0.14801,0.838257
1569406288000819,0.504395,-0.144775,0.14801,0.838257
1569406288014780,0.504395,-0.144775,0.14801,0.838257
1569406288037745,0.504272,-0.144714,0.147888,0.838318
1569406288060656,0.504272,-0.144531,0.147644,0.83844
1569406288081608,0.504333,-0.144409,0.1474,0.83844
1569406288097557,0.504395,-0.144287,0.147156,0.83844
1569406288120496,0.504395,-0.144287,0.147156,0.83844
1569406288141440,0.504395,-0.144287,0.147156,0.83844
1569406288158395,0.504395,-0.144287,0.147156,0.83844
1569406288180335,0.504272,-0.144104,0.147034,0.838623
1569406288201296,0.50415,-0.143982,0.146912,0.838745
1569406288218246,0.503906,-0.143799,0.146729,0.838928
1569406288240176,0.503906,-0.143799,0.146729,0.838928
1569406288262121,0.503906,-0.143799,0.146729,0.838928
1569406288278076,0.503906,-0.143799,0.146729,0.838928
1569406288301016,0.503906,-0.143799,0.146729,0.838928
1569406288321967,0.503723,-0.143616,0.146606,0.839111
1569406288337916,0.503479,-0.143555,0.146484,0.839294
1569406288360854,0.503174,-0.143372,0.146362,0.839478
1569406288381797,0.502991,-0.14325,0.146179,0.839661
1569406288397758,0.502808,-0.143127,0.146057,0.839844
1569406288420700,0.502502,-0.142944,0.145874,0.840088
1569406288441639,0.502319,-0.142761,0.145691,0.840271
1569406288457600,0.502075,-0.142639,0.145569,0.840454
1569406288480534,0.502075,-0.142639,0.145569,0.840454
1569406288501480,0.501892,-0.142639,0.145508,0.840576
1569406288518432,0.501526,-0.142517,0.145386,0.840759
1569406288540473,0.501221,-0.142334,0.145203,0.841064
1569406288563314,0.500916,-0.14209,0.14502,0.841309
1569406288578272,0.500732,-0.141968,0.144897,0.841492
1569406288600232,0.500671,-0.141907,0.144897,0.841492
1569406288623152,0.500671,-0.141907,0.144897,0.841492
1569406288638113,0.500671,-0.141907,0.144897,0.841492
1569406288668033,0.500488,-0.141846,0.144836,0.841614
1569406288682993,0.500244,-0.141846,0.144836,0.841736
1569406288696956,0.500244,-0.141846,0.144836,0.841797
1569406288720892,0.500244,-0.141846,0.144836,0.841797
1569406288742834,0.500244,-0.141846,0.144836,0.841797
1569406288757792,0.500244,-0.141846,0.144836,0.841797
1569406288780731,0.500244,-0.141846,0.144836,0.841797
1569406288802673,0.500244,-0.141846,0.144836,0.841797
1569406288825612,0.500244,-0.141846,0.144836,0.841797
1569406288840573,0.500183,-0.141846,0.144836,0.841797
1569406288863510,0.500183,-0.141846,0.144836,0.841797
1569406288877475,0.500183,-0.141785,0.144836,0.841797
1569406288900411,0.500183,-0.141785,0.144836,0.841797
1569406288923350,0.500183,-0.141785,0.144836,0.841858
1569406288944295,0.500183,-0.141785,0.144836,0.841797
1569406288960251,0.500183,-0.141724,0.144836,0.841858
1569406288983191,0.500122,-0.141724,0.144836,0.841858
1569406288997152,0.500122,-0.141724,0.144836,0.841858
1569406289021100,0.500122,-0.141724,0.144836,0.841858
1569406289043031,0.500122,-0.141724,0.144836,0.841858
1569406289063974,0.500122,-0.141724,0.144775,0.841858
1569406289080929,0.500122,-0.141724,0.144775,0.841858
1569406289102870,0.500122,-0.141724,0.144775,0.841858
1569406289123814,0.500305,-0.141785,0.144897,0.841736
1569406289140769,0.500305,-0.141846,0.144897,0.841736
1569406289162720,0.500305,-0.141785,0.144897,0.841736
1569406289184653,0.500305,-0.141785,0.144897,0.841736
1569406289200612,0.500305,-0.141785,0.144897,0.841736
1569406289223548,0.500244,-0.141846,0.14502,0.841736
1569406289244491,0.500305,-0.142029,0.145203,0.841675
1569406289260450,0.500305,-0.142029,0.145203,0.841675
1569406289283390,0.500305,-0.142029,0.145203,0.841675
1569406289304341,0.500305,-0.141968,0.145203,0.841675
1569406289320299,0.500305,-0.141968,0.145203,0.841675
1569406289343227,0.500183,-0.14209,0.145386,0.841675
1569406289364172,0.500183,-0.142273,0.145569,0.841614
1569406289380140,0.500183,-0.142334,0.145569,0.841614
1569406289403068,0.500183,-0.142334,0.145569,0.841614
1569406289424012,0.500183,-0.142334,0.145569,0.841614
1569406289440965,0.500183,-0.142273,0.145569,0.841614
1569406289462908,0.500122,-0.142456,0.145752,0.841614
1569406289485846,0.500122,-0.142456,0.145752,0.841553
1569406289500807,0.500122,-0.142456,0.145752,0.841553
1569406289522747,0.500122,-0.142456,0.145752,0.841614
1569406289545688,0.500122,-0.142456,0.145752,0.841614
1569406289560647,0.500061,-0.142456,0.145752,0.841614
1569406289582587,0.500061,-0.142456,0.145752,0.841614
1569406289605527,0.500061,-0.142456,0.145752,0.841614
1569406289619489,0.500061,-0.142456,0.145752,0.841614
1569406289643436,0.500061,-0.142456,0.145752,0.841614
1569406289665368,0.500061,-0.142456,0.145752,0.841614
1569406289680328,0.5,-0.142517,0.145813,0.841614
1569406289703266,0.499695,-0.142395,0.145691,0.841858
1569406289725207,0.499329,-0.142212,0.145569,0.842102
1569406289740166,0.498962,-0.142151,0.145569,0.842346
1569406289763106,0.498535,-0.142273,0.14563,0.84259
1569406289786043,0.498535,-0.142273,0.14563,0.84259
1569406289800007,0.498535,-0.142273,0.14563,0.84259
1569406289822945,0.498535,-0.142273,0.14563,0.84259
1569406289845884,0.498474,-0.142273,0.145691,0.84259
1569406289859847,0.498474,-0.142273,0.145691,0.84259
1569406289882785,0.498474,-0.142273,0.145691,0.84259
1569406289905725,0.498474,-0.142273,0.145691,0.84259
1569406289919691,0.498413,-0.142273,0.145691,0.842651
1569406289942635,0.498413,-0.142273,0.145691,0.842651
1569406289965565,0.498413,-0.142273,0.145691,0.842651
1569406289986508,0.498352,-0.142273,0.145691,0.842651
1569406290003465,0.498352,-0.142273,0.145691,0.842651
1569406290025404,0.498352,-0.142273,0.145691,0.842712
1569406290046714,0.498352,-0.142273,0.145691,0.842712
1569406290062840,0.498291,-0.142273,0.145691,0.842712
1569406290085599,0.498291,-0.142273,0.145691,0.842712
1569406290106554,0.498291,-0.142273,0.145691,0.842712
1569406290123469,0.498291,-0.142273,0.145691,0.842712
1569406290145488,0.498291,-0.142273,0.145691,0.842712
1569406290167066,0.49823,-0.142273,0.145691,0.842712
1569406290183015,0.49823,-0.142273,0.145691,0.842712
1569406290212986,0.49823,-0.142212,0.145691,0.842773
1569406290227165,0.49823,-0.142212,0.145691,0.842773
1569406290243028,0.49823,-0.142212,0.145691,0.842773
1569406290265924,0.49823,-0.142212,0.145691,0.842773
1569406290287163,0.498047,-0.142151,0.14563,0.842896
1569406290303008,0.497803,-0.14209,0.145569,0.843079
1569406290333015,0.497559,-0.141846,0.145447,0.843262
1569406290347006,0.497559,-0.141846,0.145386,0.843262
1569406290363692,0.497559,-0.141846,0.145386,0.843262
1569406290385604,0.497498,-0.141785,0.145386,0.843262
1569406290408543,0.497498,-0.141785,0.145386,0.843323
1569406290422506,0.497498,-0.141785,0.145386,0.843323
1569406290445503,0.497498,-0.141785,0.145386,0.843323
1569406290468383,0.497498,-0.141785,0.145386,0.843323
1569406290489510,0.497437,-0.141785,0.145386,0.843323
1569406290506281,0.497681,-0.141663,0.145386,0.843201
1569406290528223,0.498169,-0.141602,0.145508,0.842896
1569406290543182,0.499512,-0.141479,0.145752,0.842102
1569406290566215,0.502075,-0.141296,0.145996,0.840576
1569406290588062,0.506042,-0.140625,0.14624,0.838257
1569406290609008,0.509155,-0.139954,0.146484,0.836426
1569406290625965,0.507629,-0.136658,0.146423,0.837952
1569406290647904,0.498901,-0.132263,0.144897,0.844116
1569406290662863,0.484314,-0.127075,0.141357,0.853943
1569406290685803,0.469421,-0.11792,0.136719,0.864258
1569406290707743,0.458923,-0.100525,0.130615,0.872986
1569406290728696,0.453125,-0.0749512,0.120972,0.879944
1569406290745642,0.446533,-0.0444946,0.110107,0.88678
1569406290767594,0.43866,-0.0101318,0.100464,0.892944
1569406290789543,0.426636,0.0276489,0.09198,0.899231
1569406290805482,0.412231,0.0697632,0.081665,0.904663
1569406290828420,0.397217,0.113953,0.071228,0.907776
1569406290849373,0.380737,0.158447,0.0618286,0.908875
1569406290867327,0.36377,0.201904,0.0534058,0.907715
1569406290888260,0.348083,0.243408,0.0462646,0.904053
1569406290909204,0.333435,0.282715,0.0407104,0.898438
1569406290925161,0.320618,0.320068,0.0360718,0.890747
1569406290948101,0.309753,0.354858,0.0314331,0.881531
1569406290969058,0.300598,0.385559,0.0261841,0.871887
1569406290986000,0.292725,0.412842,0.0209961,0.862183
1569406290990986,0.284668,0.437012,0.0169678,0.853027
1569406291013926,0.275574,0.458679,0.012085,0.844666
1569406291035865,0.266479,0.477478,0.00756836,0.837158
1569406291050827,0.258972,0.494446,0.00244141,0.829651
1569406291073764,0.251709,0.508789,-0.00231934,0.823181
1569406291095706,0.243958,0.520508,-0.00598145,0.818176
1569406291110674,0.236572,0.529236,-0.00921631,0.814697
1569406291133606,0.231201,0.5354,-0.0133667,0.812195
1569406291164532,0.228943,0.539429,-0.0175171,0.810059
1569406291170515,0.227478,0.542725,-0.020752,0.808167
1569406291193456,0.225281,0.546143,-0.0230713,0.806458
1569406291216392,0.222351,0.549377,-0.0237427,0.804993
1569406291231343,0.220337,0.552246,-0.0239258,0.80365
1569406291253284,0.220947,0.552368,-0.0254517,0.803345
1569406291276231,0.223816,0.550537,-0.026123,0.803772
1569406291291193,0.228149,0.548523,-0.0256958,0.803955
1569406291313133,0.230774,0.54718,-0.024353,0.804138
1569406291336097,0.230591,0.546997,-0.0217896,0.804382
1569406291351040,0.228882,0.546265,-0.0202637,0.80542
1569406291373961,0.228882,0.544861,-0.0197144,0.806396
1569406291395904,0.234131,0.541565,-0.0154419,0.80719
1569406291410864,0.240784,0.536743,-0.00689697,0.808594
1569406291440783,0.245789,0.530518,0.00140381,0.811157
1569406291455746,0.248474,0.524048,0.0065918,0.814575
1569406291470703,0.24762,0.520142,0.00708008,0.817322
1569406291493642,0.245361,0.518738,0.0055542,0.818909
1569406291515592,0.242004,0.517761,0.00604248,0.820496
1569406291530553,0.237976,0.517029,0.00646973,0.822144
1569406291553492,0.233765,0.516602,0.00579834,0.823608
1569406291576430,0.230469,0.516907,0.00457764,0.824341
1569406291591381,0.227783,0.517639,0.00305176,0.824646
1569406291613325,0.225464,0.518311,0.00231934,0.82489
1569406291636261,0.223389,0.519958,0.00231934,0.824402
1569406291651230,0.221741,0.522461,0.00250244,0.823303
1569406291673163,0.220398,0.525024,0.0022583,0.82196
1569406291696110,0.218811,0.52771,0.000549316,0.820679
1569406291718043,0.21637,0.530518,-0.00335693,0.819519
1569406291734001,0.213745,0.533447,-0.00756836,0.818298
1569406291755942,0.211121,0.535828,-0.0103149,0.817383
1569406291770901,0.208069,0.537964,-0.0126343,0.816711
1569406291793849,0.205688,0.539917,-0.0161133,0.815979
1569406291815781,0.204956,0.541443,-0.0195923,0.815063
1569406291830767,0.205566,0.542664,-0.0216675,0.814026
1569406291853680,0.206543,0.543518,-0.022583,0.813232
1569406291875631,0.207397,0.543701,-0.0233154,0.812805
1569406291890581,0.208557,0.544312,-0.0247803,0.812134
1569406291913520,0.209534,0.544189,-0.0275879,0.811829
1569406291936458,0.211121,0.543945,-0.0306396,0.811523
1569406291951418,0.212341,0.543823,-0.0344238,0.811096
1569406291973360,0.212219,0.543823,-0.039978,0.810852
1569406291996299,0.212646,0.543152,-0.0454712,0.810974
1569406292012257,0.214233,0.542175,-0.0460815,0.811157
1569406292033200,0.216919,0.54071,-0.0419922,0.811584
1569406292056138,0.219421,0.538208,-0.0379028,0.812805
1569406292072097,0.222961,0.53418,-0.0349731,0.814636
1569406292093048,0.226013,0.529175,-0.0316162,0.8172
1569406292115988,0.227661,0.524902,-0.0281982,0.819641
1569406292131946,0.227356,0.520996,-0.0244751,0.822327
1569406292153886,0.225708,0.5177,-0.0220947,0.82489
1569406292175837,0.223389,0.514954,-0.0206909,0.827271
1569406292192775,0.221008,0.512939,-0.019043,0.829224
1569406292213718,0.218628,0.511841,-0.0172729,0.830566
1569406292235659,0.216858,0.511169,-0.0152588,0.831482
1569406292252615,0.214783,0.511536,-0.0130615,0.831848
1569406292274555,0.212646,0.513428,-0.0128174,0.831238
1569406292296496,0.210632,0.515869,-0.0144653,0.8302
1569406292313450,0.208557,0.51825,-0.0146484,0.829224
1569406292333398,0.20636,0.520874,-0.0145874,0.828125
1569406292356345,0.203308,0.523315,-0.0159912,0.827332
1569406292374298,0.200806,0.525757,-0.0184937,0.826355
1569406292393238,0.199463,0.527283,-0.020874,0.825623
1569406292416199,0.198669,0.527832,-0.0231934,0.825439
1569406292434130,0.198181,0.527466,-0.0249023,0.825745
1569406292453089,0.199097,0.526306,-0.0263062,0.826172
1569406292476016,0.201111,0.524414,-0.0275879,0.826843
1569406292493968,0.203064,0.522034,-0.0283203,0.827881
1569406292513923,0.20459,0.519165,-0.0283813,0.829285
1569406292535867,0.205994,0.515747,-0.0279541,0.831055
1569406292553808,0.207886,0.511963,-0.0276489,0.832947
1569406292573766,0.210693,0.507874,-0.0275269,0.834778
1569406292595704,0.214355,0.503174,-0.0270996,0.83667
1569406292613649,0.218811,0.496887,-0.0259399,0.839294
1569406292633600,0.224182,0.487976,-0.0236816,0.84314
1569406292655537,0.23114,0.475647,-0.0209961,0.84845
1569406292673489,0.240112,0.459595,-0.0182495,0.854797
1569406292693436,0.251282,0.438538,-0.0151367,0.862671
1569406292716374,0.263123,0.41272,-0.010498,0.871887
1569406292734327,0.275269,0.383057,-0.00482178,0.881714
1569406292753286,0.287292,0.351746,-0.00115967,0.890869
1569406292776216,0.299988,0.319275,0.000488281,0.898865
1569406292794167,0.31366,0.285278,0.00366211,0.905579
1569406292814118,0.32782,0.250671,0.00787354,0.910767
1569406292836064,0.342224,0.216125,0.0118408,0.914307
1569406292854006,0.358276,0.180603,0.0172729,0.915771
1569406292873952,0.373779,0.145203,0.0239258,0.91571
1569406292895904,0.384949,0.111938,0.0303955,0.915588
1569406292913847,0.391052,0.0805664,0.0373535,0.916016
1569406292934791,0.395203,0.0493164,0.0444946,0.916138
1569406292955734,0.39801,0.0180054,0.052002,0.91571
1569406292973687,0.402161,-0.0112915,0.0593262,0.913513
1569406292994635,0.407227,-0.0360718,0.0655518,0.910217
1569406293016572,0.412842,-0.0588989,0.0704346,0.906128
1569406293033532,0.416809,-0.0782471,0.0743408,0.902527
1569406293054470,0.418274,-0.0963135,0.0786133,0.899719
1569406293076412,0.414551,-0.112488,0.0830688,0.89917
1569406293093568,0.410339,-0.119263,0.083374,0.900208
1569406293114516,0.422058,-0.112488,0.0825806,0.895691
1569406293136477,0.427185,-0.102295,0.0875244,0.894043
1569406293153409,0.429199,-0.0965576,0.0876465,0.893677
1569406293175360,0.430725,-0.102417,0.0842896,0.892639
1569406293196304,0.425354,-0.11377,0.0844727,0.893799
1569406293214246,0.422058,-0.121521,0.0870361,0.894104
1569406293236188,0.421265,-0.124878,0.088501,0.89386
1569406293256136,0.422485,-0.124634,0.0908813,0.893127
1569406293274088,0.424988,-0.12207,0.0939331,0.891968
1569406293297035,0.426758,-0.120789,0.0952148,0.891113
1569406293315976,0.426941,-0.122253,0.09552,0.890808
1569406293339911,0.425842,-0.125183,0.0963745,0.890869
1569406293356866,0.42395,-0.127686,0.097229,0.891296
1569406293384791,0.42218,-0.128967,0.0977783,0.891907
1569406293393770,0.421021,-0.129333,0.0982056,0.892334
1569406293416711,0.421082,-0.129456,0.0985718,0.892273
1569406293436971,0.422119,-0.130249,0.098938,0.891602
1569406293452927,0.423584,-0.13147,0.0997314,0.890686
1569406293475866,0.424927,-0.132385,0.100525,0.889771
1569406293496852,0.425842,-0.133057,0.101563,0.88916
1569406293512778,0.426331,-0.133362,0.1026,0.888733
1569406293535707,0.426636,-0.133789,0.103455,0.888428
1569406293556650,0.427185,-0.134338,0.10437,0.887939
1569406293573617,0.427429,-0.134949,0.104614,0.887756
1569406293595546,0.428162,-0.13562,0.105286,0.887207
1569406293618524,0.430054,-0.136169,0.106323,0.886108
1569406293633448,0.432434,-0.136353,0.107483,0.884766
1569406293655386,0.435364,-0.136536,0.108521,0.883179
1569406293676370,0.43811,-0.136719,0.109741,0.881592
1569406293693285,0.44104,-0.137329,0.111328,0.879883
1569406293715226,0.44397,-0.137573,0.112732,0.878174
1569406293737173,0.446228,-0.137878,0.11377,0.876831
1569406293753125,0.448242,-0.138184,0.114441,0.875671
1569406293775066,0.449524,-0.138428,0.115112,0.874878
1569406293797042,0.450439,-0.138794,0.115845,0.874268
1569406293820945,0.451477,-0.139465,0.116333,0.873535
1569406293835948,0.452698,-0.140076,0.11676,0.872742
1569406293856848,0.453613,-0.140686,0.116821,0.872192
1569406293872805,0.454407,-0.141357,0.116333,0.871765
1569406293895745,0.455139,-0.142212,0.115356,0.871338
1569406293916690,0.456177,-0.143188,0.114563,0.870728
1569406293940625,0.45752,-0.143921,0.114197,0.869995
1569406293955584,0.458923,-0.144348,0.113953,0.869202
1569406293976528,0.4599,-0.144775,0.113647,0.868652
1569406293993483,0.460327,-0.145203,0.113403,0.868408
1569406294015425,0.460388,-0.145569,0.113403,0.868286
1569406294036368,0.460022,-0.145935,0.113525,0.868408
1569406294053323,0.459656,-0.146301,0.11377,0.868469
1569406294075263,0.459473,-0.146851,0.114197,0.868469
1569406294096245,0.459106,-0.147461,0.11438,0.868469
1569406294113163,0.458923,-0.14801,0.114441,0.86853
1569406294136334,0.458923,-0.148071,0.114502,0.868469
1569406294157334,0.459412,-0.148621,0.114624,0.868103
1569406294173044,0.4599,-0.148926,0.114624,0.867798
1569406294196191,0.460388,-0.149231,0.114624,0.867493
1569406294218002,0.460449,-0.149292,0.114624,0.867493
1569406294232852,0.460999,-0.149658,0.114746,0.867065
1569406294255757,0.46167,-0.150269,0.114868,0.866638
1569406294278752,0.462097,-0.150696,0.114685,0.866333
1569406294293833,0.46228,-0.150818,0.11438,0.866272
1569406294315596,0.462341,-0.150879,0.11438,0.866211
1569406294338566,0.462341,-0.15094,0.11438,0.86615
1569406294353783,0.462708,-0.151428,0.114746,0.865845
1569406294375624,0.462769,-0.151489,0.114746,0.865784
1569406294398563,0.46283,-0.151611,0.114807,0.865784
1569406294412525,0.462891,-0.151672,0.114807,0.865723
1569406294435511,0.462708,-0.151978,0.114868,0.865723
1569406294458624,0.462708,-0.1521,0.114929,0.865723
1569406294472365,0.462708,-0.152405,0.115112,0.865662
1569406294496301,0.462769,-0.152466,0.115112,0.865601
1569406294518243,0.462769,-0.15271,0.115234,0.86554
1569406294532360,0.462585,-0.152893,0.115295,0.865601
1569406294556330,0.462646,-0.152954,0.115295,0.86554
1569406294578082,0.462463,-0.153137,0.115417,0.865601
1569406294592046,0.462463,-0.153198,0.115417,0.865601
1569406294615990,0.462463,-0.153259,0.115479,0.86554
1569406294637922,0.462524,-0.153381,0.115479,0.86554
1569406294652883,0.462524,-0.153442,0.11554,0.86554
1569406294675821,0.462952,-0.153687,0.11554,0.865234
1569406294697763,0.463623,-0.15387,0.115662,0.864807
1569406294719706,0.464172,-0.154114,0.115906,0.864441
1569406294735662,0.464233,-0.154175,0.115906,0.86438
1569406294757613,0.464172,-0.15448,0.115845,0.86438
1569406294779553,0.463989,-0.154785,0.115601,0.864502
1569406294795500,0.46405,-0.15509,0.115295,0.864441
1569406294818440,0.464478,-0.155273,0.115234,0.864136
1569406294839384,0.465088,-0.155457,0.115295,0.863831
1569406294855341,0.465698,-0.15564,0.115295,0.863464
1569406294878280,0.465759,-0.155701,0.115295,0.863403
1569406294899224,0.465759,-0.155823,0.115356,0.863403
1569406294915191,0.465637,-0.156067,0.115479,0.863342
1569406294938121,0.465393,-0.156372,0.115601,0.863403
1569406294959064,0.465271,-0.156433,0.115784,0.863464
1569406294976019,0.464966,-0.156616,0.115967,0.863586
1569406294997961,0.4646,-0.15686,0.11615,0.863708
1569406295018904,0.464294,-0.157043,0.116211,0.863831
1569406295035859,0.464294,-0.157043,0.116211,0.863831
1569406295057800,0.464294,-0.157104,0.116272,0.863831
1569406295078745,0.464294,-0.157166,0.116272,0.86377
1569406295095699,0.464294,-0.157227,0.116333,0.86377
1569406295117640,0.464294,-0.157227,0.116333,0.86377
1569406295140579,0.464661,-0.15741,0.116394,0.863525
1569406295155540,0.464661,-0.15741,0.116455,0.863525
1569406295178488,0.464722,-0.157471,0.116455,0.863464
1569406295206413,0.464661,-0.157715,0.116516,0.863464
1569406295215378,0.464661,-0.157776,0.116516,0.863464
1569406295238318,0.464722,-0.157776,0.116516,0.863403
1569406295260269,0.464722,-0.157776,0.116516,0.863403
1569406295275219,0.464722,-0.157837,0.116577,0.863403
1569406295298158,0.464722,-0.157898,0.116577,0.863403
1569406295328078,0.464722,-0.157959,0.116638,0.863342
1569406295335059,0.465027,-0.158081,0.116699,0.863159
1569406295357998,0.465027,-0.158142,0.116699,0.863159
1569406295380958,0.465088,-0.158142,0.116699,0.863159
1569406295394899,0.465088,-0.158203,0.116699,0.863098
1569406295417838,0.464966,-0.158264,0.116699,0.863159
1569406295440776,0.464966,-0.158325,0.116699,0.863159
1569406295454739,0.464966,-0.158325,0.116699,0.863159
1569406295477677,0.464966,-0.158386,0.116699,0.863159
1569406295500629,0.465027,-0.158386,0.11676,0.863098
1569406295514578,0.465027,-0.158447,0.11676,0.863098
1569406295538518,0.465027,-0.158508,0.11676,0.863098
1569406295560457,0.465027,-0.158508,0.11676,0.863098
1569406295575419,0.464966,-0.158569,0.116821,0.863098
1569406295604340,0.464783,-0.158569,0.11676,0.86322
1569406295620297,0.464417,-0.15863,0.116699,0.863403
1569406295635257,0.464172,-0.15863,0.116638,0.863525
1569406295658196,0.464172,-0.15863,0.116699,0.863525
1569406295680146,0.464172,-0.158691,0.116516,0.863525
1569406295702087,0.464478,-0.158752,0.116516,0.863403
1569406295718035,0.464783,-0.158875,0.116638,0.863159
1569406295740974,0.465027,-0.15918,0.11676,0.862976
1569406295761920,0.465088,-0.15918,0.11676,0.862915
1569406295777875,0.464966,-0.159241,0.11676,0.862976
1569406295800815,0.464783,-0.159241,0.116699,0.863098
1569406295821758,0.464661,-0.159302,0.11676,0.863159
1569406295837725,0.464417,-0.159363,0.11676,0.863281
1569406295860655,0.464417,-0.159363,0.11676,0.86322
1569406295881600,0.464417,-0.159363,0.11676,0.86322
1569406295898553,0.464417,-0.159424,0.11676,0.86322
1569406295920495,0.464478,-0.159424,0.11676,0.86322
1569406295941438,0.464478,-0.159485,0.11676,0.86322
1569406295958395,0.464478,-0.159485,0.116821,0.86322
1569406295980334,0.464294,-0.159546,0.116821,0.863281
1569406296001288,0.46405,-0.159485,0.11676,0.863403
1569406296018233,0.463745,-0.159424,0.116821,0.863586
1569406296040184,0.463379,-0.159241,0.116882,0.863831
1569406296062116,0.463013,-0.159119,0.116821,0.864075
1569406296078073,0.462708,-0.15918,0.116821,0.864197
1569406296101012,0.462585,-0.159302,0.11676,0.864258
1569406296122953,0.462708,-0.159058,0.116699,0.864197
1569406296137913,0.463013,-0.158997,0.116821,0.864075
1569406296160852,0.463379,-0.159241,0.117065,0.86377
1569406296182798,0.463379,-0.159241,0.117065,0.86377
1569406296197753,0.463196,-0.159363,0.117126,0.863892
1569406296220716,0.462952,-0.159485,0.117065,0.864014
1569406296242633,0.462891,-0.159485,0.117065,0.864014
1569406296257595,0.463135,-0.159607,0.117249,0.863831
1569406296280533,0.463135,-0.159607,0.117249,0.863831
1569406296303471,0.463196,-0.159607,0.117249,0.863831
1569406296317434,0.463135,-0.159607,0.117249,0.863831
1569406296340376,0.463196,-0.159607,0.117249,0.863831
1569406296363311,0.463135,-0.159668,0.11731,0.863831
1569406296377276,0.463318,-0.159729,0.117493,0.863708
1569406296400213,0.463318,-0.15979,0.117493,0.863708
1569406296423151,0.463501,-0.15979,0.117615,0.863586
1569406296438111,0.463501,-0.15979,0.117554,0.863586
1569406296461049,0.463501,-0.15979,0.117554,0.863525
1569406296482991,0.463745,-0.159912,0.117615,0.863403
1569406296496954,0.463989,-0.160034,0.117676,0.86322
1569406296520890,0.464478,-0.160217,0.117798,0.862915
1569406296542830,0.464905,-0.160339,0.11792,0.862671
1569406296557791,0.465271,-0.160522,0.118042,0.862427
1569406296580729,0.465271,-0.160522,0.118042,0.862427
1569406296602681,0.465271,-0.160583,0.118042,0.862366
1569406296624612,0.465332,-0.160583,0.118042,0.862366
1569406296640577,0.465332,-0.160706,0.118225,0.862305
1569406296663518,0.465393,-0.160889,0.118408,0.862244
1569406296684462,0.465393,-0.160889,0.118408,0.862244
1569406296700409,0.465393,-0.16095,0.118469,0.862183
1569406296723351,0.465393,-0.16095,0.118469,0.862183
1569406296744293,0.465393,-0.16095,0.118469,0.862183
1569406296760249,0.465698,-0.161072,0.118652,0.862
1569406296783189,0.466003,-0.161377,0.118896,0.861755
1569406296804132,0.466003,-0.161438,0.118896,0.861694
1569406296821086,0.466064,-0.161438,0.118896,0.861694
1569406296843033,0.466064,-0.161438,0.118896,0.861694
1569406296863981,0.466064,-0.161499,0.118896,0.861694
1569406296880927,0.466064,-0.161499,0.118958,0.861694
1569406296902868,0.466064,-0.161499,0.118958,0.861694
1569406296923823,0.465942,-0.161621,0.118958,0.861694
1569406296940768,0.465942,-0.161621,0.118958,0.861694
1569406296962708,0.466125,-0.161743,0.11908,0.861572
1569406296984660,0.466125,-0.161743,0.11908,0.861572
1569406297000606,0.466125,-0.161743,0.11908,0.861572
1569406297023547,0.466187,-0.161804,0.11908,0.861572
1569406297044490,0.466187,-0.161804,0.11908,0.861511
1569406297060450,0.466187,-0.161804,0.11908,0.861511
1569406297083386,0.466187,-0.161865,0.119141,0.861511
1569406297105337,0.466187,-0.161865,0.119141,0.861511
1569406297120287,0.466187,-0.161865,0.119141,0.861511
1569406297143228,0.466187,-0.161865,0.119141,0.861511
1569406297166165,0.466003,-0.161987,0.119202,0.861572
1569406297180137,0.466064,-0.162048,0.119202,0.861572
1569406297203068,0.466064,-0.162048,0.119202,0.861572
1569406297226014,0.466064,-0.162048,0.119202,0.861511
1569406297239968,0.466064,-0.162109,0.119263,0.861511
1569406297262916,0.466064,-0.162109,0.119263,0.861511
1569406297285846,0.466064,-0.162109,0.119263,0.861511
1569406297299808,0.466064,-0.162109,0.119263,0.861511
1569406297322746,0.466064,-0.16217,0.119263,0.861511
1569406297345685,0.466125,-0.16217,0.119263,0.86145
1569406297359647,0.466125,-0.16217,0.119263,0.86145
1569406297383588,0.466125,-0.162231,0.119263,0.86145
1569406297405526,0.466125,-0.162231,0.119263,0.86145
1569406297428463,0.466125,-0.162231,0.119263,0.86145
1569406297443425,0.466125,-0.162292,0.119324,0.86145
1569406297465365,0.466187,-0.162292,0.119324,0.86145
1569406297480325,0.466187,-0.162292,0.119324,0.861389
1569406297503263,0.466187,-0.162354,0.119324,0.861389
1569406297525207,0.466125,-0.162354,0.119324,0.861389
1569406297547156,0.466125,-0.162354,0.119324,0.861389
1569406297563104,0.466187,-0.162354,0.119324,0.861389
1569406297586043,0.466187,-0.162354,0.119324,0.861389
1569406297606997,0.466187,-0.162415,0.119324,0.861389
1569406297622943,0.466187,-0.162415,0.119385,0.861389
1569406297645883,0.466187,-0.162415,0.119385,0.861389
1569406297666827,0.466187,-0.162415,0.119385,0.861389
1569406297682788,0.465942,-0.162476,0.119385,0.861511
1569406297705726,0.465637,-0.162537,0.119385,0.861633
1569406297727668,0.465637,-0.162537,0.119385,0.861633
1569406297742623,0.465637,-0.162537,0.119385,0.861633
1569406297765564,0.465698,-0.162537,0.119385,0.861633
1569406297786506,0.465698,-0.162537,0.119385,0.861633
1569406297803460,0.465576,-0.162659,0.119385,0.861633
1569406297825403,0.465332,-0.162659,0.119385,0.861816
1569406297846347,0.465088,-0.162659,0.119385,0.861938
1569406297863301,0.465088,-0.162659,0.119385,0.861938
1569406297885242,0.465088,-0.162659,0.119385,0.861938
1569406297907194,0.465149,-0.162659,0.119385,0.861877
1569406297923142,0.465088,-0.162659,0.119385,0.861877
1569406297946090,0.465149,-0.162659,0.119385,0.861877
1569406297967025,0.465149,-0.162659,0.119385,0.861877
1569406297982980,0.464966,-0.162659,0.119324,0.862
1569406298011912,0.464722,-0.162598,0.119263,0.862122
1569406298027861,0.464539,-0.162537,0.119263,0.862244
1569406298042821,0.464355,-0.162537,0.119141,0.862366
1569406298065765,0.464355,-0.162537,0.119141,0.862366
1569406298087704,0.464294,-0.162537,0.119141,0.862366
1569406298103692,0.464355,-0.162537,0.119141,0.862366
1569406298125601,0.464355,-0.162537,0.119141,0.862366
1569406298148589,0.464355,-0.162537,0.119141,0.862366
1569406298163194,0.464355,-0.162537,0.119141,0.862366
1569406298186328,0.464355,-0.162537,0.119141,0.862366
1569406298208076,0.464355,-0.162537,0.119141,0.862366
1569406298222329,0.464172,-0.162537,0.119141,0.862427
1569406298246224,0.46405,-0.162537,0.119141,0.862549
1569406298268040,0.463806,-0.162537,0.119141,0.862671
1569406298283171,0.463623,-0.162537,0.11908,0.862793
1569406298305815,0.463379,-0.162476,0.119019,0.862915
1569406298328789,0.463135,-0.162415,0.118958,0.863098
1569406298342716,0.462891,-0.162292,0.118896,0.86322
1569406298365726,0.462769,-0.162109,0.118896,0.863342
1569406298388915,0.462952,-0.161865,0.11908,0.86322
1569406298402627,0.464294,-0.161377,0.119812,0.862549
1569406298425596,0.466431,-0.160889,0.121582,0.861206
1569406298448504,0.468445,-0.159607,0.123413,0.860107
1569406298462466,0.467346,-0.157959,0.124329,0.860901
1569406298485563,0.461731,-0.156006,0.122925,0.864441
1569406298508345,0.451843,-0.154968,0.120483,0.870178
1569406298529584,0.440247,-0.1521,0.117554,0.877014
1569406298546272,0.431458,-0.143982,0.113892,0.883179
1569406298568185,0.42749,-0.13092,0.108826,0.887817
1569406298589130,0.426025,-0.115234,0.101807,0.891479
1569406298606085,0.424133,-0.0981445,0.0943604,0.895264
1569406298628029,0.4198,-0.0794067,0.0883179,0.89978
1569406298656948,0.413086,-0.0574951,0.0834351,0.904968
1569406298665925,0.405762,-0.0322266,0.0778198,0.910034
1569406298687866,0.39856,-0.00372314,0.0706787,0.914368
1569406298693849,0.391602,0.0272217,0.0616455,0.917603
1569406298715794,0.38269,0.0598755,0.0522461,0.92041
1569406298730750,0.371338,0.0949097,0.0441284,0.922546
1569406298753724,0.359375,0.131714,0.036499,0.923096
1569406298775639,0.347717,0.16864,0.0289917,0.921814
1569406298790598,0.335815,0.205078,0.0222168,0.919006
1569406298813529,0.324463,0.24054,0.0163574,0.914612
1569406298836478,0.313721,0.27478,0.0110474,0.908752
1569406298851429,0.303345,0.307922,0.00512695,0.901672
1569406298873371,0.294861,0.338257,-0.000976563,0.893616
1569406298896309,0.286499,0.364685,-0.00653076,0.885864
1569406298911268,0.276978,0.388855,-0.0134888,0.87854
1569406298936204,0.267517,0.412659,-0.0228271,0.870361
1569406298956148,0.258911,0.435425,-0.0322876,0.861511
1569406298971108,0.251099,0.455078,-0.0397949,0.853333
1569406298993058,0.243591,0.472595,-0.0477295,0.84552
1569406299015988,0.23645,0.486633,-0.0559082,0.83905
1569406299030948,0.229492,0.499207,-0.062561,0.83313
1569406299053896,0.223938,0.510315,-0.0682373,0.827454
1569406299075829,0.218933,0.52063,-0.0742188,0.821838
1569406299090810,0.21405,0.529907,-0.0789795,0.816772
1569406299113737,0.209839,0.53717,-0.0823975,0.812744
1569406299135669,0.206787,0.542725,-0.0855103,0.809509
1569406299150629,0.205505,0.546631,-0.0881348,0.806885
1569406299173575,0.205872,0.549988,-0.0894165,0.804382
1569406299196506,0.205811,0.552795,-0.0883789,0.802612
1569406299212466,0.205383,0.554626,-0.0863647,0.801636
1569406299233408,0.205139,0.555603,-0.0838623,0.801331
1569406299256355,0.206055,0.555664,-0.0820313,0.801208
1569406299271316,0.207458,0.554932,-0.0823364,0.801331
1569406299293247,0.209167,0.55365,-0.0841064,0.801575
1569406299316185,0.21051,0.552307,-0.0866089,0.80188
1569406299331145,0.210815,0.551392,-0.0886841,0.802246
1569406299353097,0.210327,0.55011,-0.0900879,0.803101
1569406299376026,0.211182,0.548279,-0.0904541,0.804077
1569406299390986,0.213318,0.547302,-0.0880127,0.804443
1569406299413925,0.216187,0.545837,-0.0839844,0.805115
1569406299435866,0.219055,0.542175,-0.0802612,0.80719
1569406299450828,0.221191,0.537903,-0.0756836,0.809875
1569406299473774,0.223145,0.533203,-0.0705566,0.812927
1569406299495707,0.223999,0.528442,-0.0671387,0.81604
1569406299510667,0.223083,0.524902,-0.0650024,0.818787
1569406299533605,0.221497,0.52301,-0.0630493,0.820557
1569406299556544,0.219666,0.522278,-0.0601196,0.821777
1569406299572500,0.218262,0.522034,-0.0565186,0.82251
1569406299593445,0.216797,0.521912,-0.0532837,0.823242
1569406299616383,0.215149,0.522278,-0.0504761,0.823608
1569406299632342,0.2146,0.523438,-0.0483398,0.82312
1569406299653286,0.214355,0.525269,-0.0447388,0.822266
1569406299677220,0.213928,0.527039,-0.0410767,0.82135
1569406299692181,0.213379,0.529236,-0.0383301,0.820251
1569406299713136,0.212402,0.531433,-0.0352173,0.819214
1569406299736064,0.211182,0.533691,-0.0366821,0.817993
1569406299752029,0.209167,0.536438,-0.039856,0.816589
1569406299773965,0.20697,0.539368,-0.0402222,0.815186
1569406299795903,0.204102,0.542358,-0.0411377,0.813904
1569406299812859,0.201294,0.544373,-0.0426636,0.813171
1569406299833812,0.200378,0.545898,-0.043335,0.812317
1569406299855744,0.200623,0.546936,-0.0430908,0.811584
1569406299872698,0.200378,0.547913,-0.0427246,0.811035
1569406299893642,0.200928,0.548828,-0.0426025,0.810242
1569406299915587,0.202026,0.549744,-0.0419312,0.809387
1569406299933540,0.203064,0.550293,-0.0404053,0.808838
1569406299953493,0.203369,0.551025,-0.0383911,0.80835
1569406299976421,0.202698,0.551392,-0.0377808,0.808289
1569406299994383,0.202332,0.550781,-0.0408936,0.808655
1569406300013549,0.202271,0.550049,-0.0476685,0.808838
1569406300043469,0.202148,0.550171,-0.0557251,0.808228
1569406300054453,0.203003,0.551086,-0.0632324,0.806885
1569406300073408,0.204468,0.549988,-0.067688,0.806885
1569406300096338,0.205322,0.548218,-0.0678711,0.807861
1569406300114279,0.206604,0.546326,-0.0631104,0.809204
1569406300133229,0.208801,0.545898,-0.0581055,0.809265
1569406300156168,0.211548,0.542908,-0.057312,0.810669
1569406300174121,0.212769,0.537964,-0.0565796,0.81366
1569406300194079,0.213013,0.533386,-0.0540771,0.816772
1569406300216009,0.212402,0.528992,-0.0524902,0.819885
1569406300233960,0.211243,0.524597,-0.052124,0.822998
1569406300253916,0.210022,0.52124,-0.0505981,0.825562
1569406300275858,0.208862,0.519043,-0.0467529,0.827454
1569406300293802,0.207764,0.51886,-0.0418701,0.828125
1569406300313746,0.206604,0.52002,-0.0354614,0.827942
1569406300335688,0.205566,0.52179,-0.0300293,0.827332
1569406300353641,0.203918,0.52417,-0.026062,0.826355
1569406300373596,0.203369,0.528198,-0.0247192,0.823975
1569406300396537,0.203064,0.53241,-0.0241089,0.82135
1569406300413481,0.202698,0.536072,-0.0238647,0.819092
1569406300441404,0.201233,0.538818,-0.0248413,0.817566
1569406300456366,0.199097,0.540344,-0.0263672,0.817078
1569406300474316,0.197876,0.541199,-0.0274048,0.816772
1569406300496260,0.198608,0.541443,-0.0285645,0.816345
1569406300516205,0.200256,0.540771,-0.0300903,0.816406
1569406300534157,0.202209,0.539307,-0.0316162,0.816833
1569406300555102,0.204346,0.537354,-0.0327148,0.817505
1569406300576055,0.206177,0.534973,-0.0330811,0.818604
1569406300593998,0.208069,0.531982,-0.03302,0.820068
1569406300616936,0.2099,0.528381,-0.0324097,0.82196
1569406300635886,0.211975,0.523376,-0.031189,0.824707
1569406300653838,0.214905,0.516296,-0.029541,0.82843
1569406300674782,0.219177,0.506042,-0.027771,0.833679
1569406300695725,0.22467,0.491943,-0.0257568,0.840698
1569406300713677,0.231812,0.472412,-0.0231934,0.849976
1569406300734633,0.239197,0.448242,-0.0200806,0.861023
1569406300757560,0.247925,0.420471,-0.0166016,0.872559
1569406300773520,0.258484,0.390259,-0.0136719,0.883545
1569406300794462,0.269714,0.357361,-0.0098877,0.894043
1569406300816402,0.283264,0.322205,-0.00579834,0.903259
1569406300834365,0.300171,0.28595,-0.00250244,0.909973
1569406300855299,0.318542,0.248657,0.00189209,0.914673
1569406300879244,0.337036,0.210144,0.00830078,0.917664
1569406300894195,0.353149,0.171143,0.0178833,0.919556
1569406300916138,0.364624,0.132324,0.0292969,0.921204
1569406300936107,0.372803,0.0971069,0.0370483,0.921997
1569406300954035,0.379578,0.0664063,0.0402222,0.921814
1569406300975977,0.384644,0.0376587,0.0453491,0.921143
1569406300995933,0.387024,0.010376,0.0552368,0.920288
1569406301013876,0.388062,-0.0143433,0.0639648,0.91925
1569406301036813,0.390747,-0.0366211,0.0679932,0.917175
1569406301056761,0.394836,-0.0592651,0.0726318,0.91394
1569406301073716,0.398682,-0.0803223,0.0784302,0.910156
1569406301096653,0.40271,-0.100159,0.0831299,0.906006
1569406301115610,0.407166,-0.119751,0.0862427,0.901306
1569406301133556,0.412964,-0.134644,0.0912476,0.896057
1569406301157491,0.419373,-0.131042,0.0950928,0.893188
1569406301176441,0.427429,-0.115479,0.0961304,0.891418
1569406301193394,0.430237,-0.108521,0.0980835,0.890747
1569406301215337,0.428589,-0.110046,0.0979614,0.891357
1569406301237281,0.422241,-0.117432,0.0982666,0.893433
1569406301253235,0.416748,-0.128113,0.100586,0.894287
1569406301276186,0.417419,-0.136292,0.102478,0.892517
1569406301297119,0.421021,-0.136597,0.103516,0.890686
1569406301313076,0.42627,-0.132996,0.105164,0.88855
1569406301336014,0.430908,-0.130493,0.106934,0.886414
1569406301356957,0.433289,-0.130249,0.107361,0.885254
1569406301372916,0.432678,-0.13208,0.106995,0.885315
1569406301395853,0.430298,-0.134094,0.106689,0.88623
1569406301416797,0.427917,-0.135254,0.10675,0.887207
1569406301433759,0.426086,-0.135925,0.106384,0.888062
1569406301455695,0.425232,-0.136169,0.105957,0.888428
1569406301476639,0.425171,-0.136475,0.105591,0.888428
1569406301493605,0.425659,-0.137146,0.105347,0.888184
1569406301515534,0.426392,-0.137878,0.105103,0.887756
1569406301536478,0.426819,-0.138306,0.104919,0.887451
1569406301553434,0.426514,-0.138367,0.10498,0.887573
1569406301575376,0.425659,-0.138611,0.10498,0.888
1569406301597322,0.424255,-0.13916,0.105042,0.88855
1569406301613276,0.422913,-0.139893,0.105347,0.889038
1569406301635248,0.422302,-0.140625,0.105835,0.88916
1569406301658153,0.422302,-0.141174,0.106384,0.888977
1569406301673115,0.422791,-0.141479,0.106873,0.888672
1569406301696063,0.422852,-0.141785,0.107239,0.88855
1569406301717996,0.422729,-0.142395,0.107361,0.888489
1569406301732954,0.422485,-0.143127,0.107605,0.888489
1569406301755894,0.422302,-0.14386,0.10791,0.888367
1569406301777834,0.422302,-0.144592,0.108215,0.888245
1569406301792794,0.422363,-0.145142,0.108398,0.888062
1569406301815734,0.422363,-0.145691,0.108643,0.887939
1569406301837675,0.422363,-0.146362,0.108887,0.887817
1569406301852636,0.422363,-0.146973,0.10907,0.887695
1569406301875572,0.422241,-0.147461,0.109253,0.887695
1569406301898525,0.42218,-0.147888,0.109314,0.887634
1569406301912474,0.422058,-0.148315,0.109375,0.887573
1569406301935413,0.421814,-0.148926,0.109436,0.887634
1569406301958351,0.421387,-0.149414,0.109558,0.887695
1569406301972315,0.420959,-0.149902,0.10968,0.887817
1569406301995252,0.420654,-0.150391,0.109741,0.887878
1569406302018190,0.420654,-0.150879,0.109741,0.887756
1569406302032155,0.420959,-0.151367,0.109619,0.887573
1569406302056088,0.421692,-0.151855,0.109375,0.887207
1569406302078031,0.422729,-0.152222,0.10907,0.886658
1569406302091993,0.423828,-0.152588,0.108887,0.886108
1569406302115982,0.424683,-0.153015,0.108826,0.88562
1569406302137872,0.424805,-0.153137,0.108826,0.885559
1569406302153077,0.424805,-0.153503,0.108887,0.885437
1569406302175770,0.424622,-0.153809,0.108948,0.885498
1569406302198955,0.424255,-0.154175,0.10907,0.885559
1569406302221300,0.423828,-0.154602,0.109253,0.885681
1569406302236009,0.423401,-0.154968,0.109436,0.885803
1569406302263899,0.423035,-0.155212,0.109497,0.885925
1569406302273247,0.423035,-0.155273,0.109497,0.885925
1569406302296247,0.42334,-0.155762,0.109802,0.885681
1569406302318141,0.423645,-0.15625,0.110107,0.885376
1569406302339380,0.423645,-0.156372,0.110168,0.885376
1569406302356293,0.423645,-0.156433,0.110168,0.885315
1569406302378043,0.423706,-0.156555,0.110229,0.885315
1569406302399221,0.423706,-0.156616,0.110291,0.885254
1569406302422870,0.423767,-0.156738,0.110291,0.885254
1569406302438064,0.423767,-0.156799,0.110352,0.885193
1569406302459914,0.423828,-0.156921,0.110352,0.885132
1569406302475720,0.423828,-0.156982,0.110413,0.885132
1569406302498913,0.423889,-0.157043,0.110413,0.885071
1569406302519224,0.423767,-0.157471,0.110535,0.885071
1569406302543211,0.423584,-0.157898,0.110657,0.885071
1569406302558171,0.42334,-0.158081,0.110657,0.885132
1569406302579410,0.422974,-0.158203,0.110657,0.885254
1569406302596070,0.422607,-0.158264,0.110657,0.885437
1569406302618012,0.422485,-0.158508,0.110718,0.885498
1569406302638956,0.422485,-0.158569,0.110779,0.885437
1569406302655910,0.422485,-0.158691,0.110779,0.885437
1569406302677850,0.422546,-0.158752,0.11084,0.885376
1569406302699810,0.422791,-0.159119,0.110962,0.885132
1569406302715750,0.422852,-0.159241,0.110962,0.885132
1569406302737691,0.422913,-0.159302,0.111023,0.885071
1569406302760629,0.422913,-0.159363,0.111023,0.885071
1569406302775589,0.422913,-0.159424,0.111084,0.885071
1569406302798529,0.422974,-0.159485,0.111084,0.88501
1569406302820469,0.422852,-0.159851,0.111328,0.884949
1569406302835431,0.422852,-0.159912,0.111328,0.884949
1569406302858368,0.422852,-0.160034,0.111389,0.884949
1569406302881317,0.423035,-0.160095,0.11145,0.884827
1569406302895278,0.423523,-0.160339,0.111633,0.884521
1569406302918208,0.424255,-0.160645,0.111816,0.884094
1569406302941148,0.424866,-0.160828,0.112,0.883728
1569406302955109,0.425293,-0.161011,0.112183,0.883484
1569406302979056,0.425354,-0.161072,0.112183,0.883423
1569406303000989,0.425293,-0.161194,0.112244,0.883423
1569406303014955,0.42511,-0.161377,0.112305,0.883484
1569406303037890,0.424805,-0.161499,0.112366,0.883606
1569406303060827,0.424683,-0.161804,0.112488,0.883606
1569406303074792,0.424744,-0.161865,0.112488,0.883545
1569406303098725,0.424744,-0.161926,0.112549,0.883545
1569406303120667,0.424744,-0.161987,0.112549,0.883545
1569406303134630,0.424744,-0.162048,0.11261,0.883484
1569406303158565,0.424744,-0.162048,0.11261,0.883484
1569406303180509,0.424805,-0.162109,0.11261,0.883484
1569406303194479,0.424683,-0.162231,0.112671,0.883484
1569406303218406,0.424683,-0.162292,0.112732,0.883484
1569406303240346,0.424683,-0.162354,0.112732,0.883484
1569406303255307,0.424683,-0.162415,0.112793,0.883423
1569406303278246,0.424683,-0.162476,0.112793,0.883423
1569406303301186,0.424683,-0.162537,0.112793,0.883423
1569406303329119,0.424683,-0.162598,0.112854,0.883423
1569406303338086,0.424683,-0.162598,0.112854,0.883362
1569406303361026,0.424927,-0.16272,0.112915,0.88324
1569406303381969,0.425293,-0.162903,0.113037,0.882996
1569406303397926,0.425354,-0.162964,0.113037,0.882996
1569406303420865,0.425354,-0.163025,0.113037,0.882996
1569406303441808,0.425354,-0.163086,0.113098,0.882935
1569406303457766,0.425354,-0.163086,0.113098,0.882935
1569406303480711,0.425598,-0.163208,0.113159,0.882813
1569406303501648,0.425659,-0.163269,0.11322,0.882751
1569406303518603,0.425659,-0.16333,0.11322,0.882751
1569406303540547,0.425659,-0.16333,0.11322,0.882751
1569406303561500,0.425659,-0.163391,0.113281,0.882751
1569406303578444,0.425659,-0.163452,0.113281,0.88269
1569406303600384,0.425659,-0.163513,0.113281,0.88269
1569406303621328,0.425659,-0.163513,0.113342,0.88269
1569406303638285,0.42572,-0.163574,0.113342,0.88269
1569406303660224,0.42572,-0.163635,0.113342,0.882629
1569406303682166,0.425598,-0.163818,0.113403,0.88269
1569406303698125,0.425537,-0.163818,0.113403,0.88269
1569406303721062,0.425537,-0.163879,0.113464,0.88269
1569406303743003,0.425537,-0.16394,0.113464,0.882629
1569406303757967,0.425537,-0.16394,0.113464,0.882629
1569406303780922,0.425598,-0.164001,0.113464,0.882629
1569406303810823,0.425598,-0.164063,0.113525,0.882629
1569406303817803,0.425598,-0.164063,0.113525,0.882568
1569406303840743,0.425476,-0.164185,0.113525,0.882629
1569406303862684,0.425476,-0.164246,0.113525,0.882629
1569406303884626,0.425476,-0.164246,0.113525,0.882629
1569406303900582,0.425476,-0.164307,0.113525,0.882629
1569406303930503,0.425476,-0.164368,0.113586,0.882568
1569406303937484,0.425476,-0.164368,0.113586,0.882568
1569406303960422,0.425537,-0.164429,0.113586,0.882568
1569406303983364,0.425354,-0.164551,0.113647,0.882629
1569406303997326,0.425232,-0.164673,0.113647,0.882629
1569406304021292,0.425232,-0.164673,0.113647,0.882629
1569406304043202,0.425232,-0.164734,0.113647,0.882629
1569406304057174,0.425232,-0.164734,0.113647,0.882629
1569406304088081,0.425232,-0.164734,0.113647,0.882629
1569406304103041,0.425232,-0.164795,0.113708,0.882629
1569406304117013,0.425049,-0.164856,0.11377,0.88269
1569406304140940,0.424927,-0.164978,0.113831,0.88269
1569406304162898,0.424927,-0.165039,0.113831,0.88269
1569406304177859,0.424927,-0.165039,0.113831,0.88269
1569406304206773,0.424927,-0.165039,0.113831,0.88269
1569406304222721,0.424927,-0.1651,0.113892,0.88269
1569406304244661,0.425049,-0.165405,0.114014,0.882568
1569406304260620,0.425293,-0.165588,0.114075,0.882385
1569406304283559,0.425598,-0.16571,0.114197,0.882202
1569406304304504,0.425598,-0.16571,0.114197,0.882202
1569406304320460,0.425415,-0.165894,0.114258,0.882263
1569406304343398,0.42511,-0.165955,0.114258,0.882385
1569406304364353,0.424866,-0.165955,0.114197,0.882507
1569406304381297,0.424866,-0.165955,0.114197,0.882507
1569406304403239,0.424805,-0.16626,0.11438,0.882446
1569406304424182,0.424805,-0.166321,0.11438,0.882446
1569406304441162,0.424805,-0.166321,0.114441,0.882446
1569406304463080,0.424805,-0.166382,0.114441,0.882446
1569406304486017,0.424805,-0.166382,0.114441,0.882446
1569406304500978,0.424805,-0.166382,0.114441,0.882446
1569406304522920,0.424805,-0.166443,0.114441,0.882385
1569406304543863,0.424805,-0.166504,0.114441,0.882385
1569406304560818,0.424805,-0.166504,0.114502,0.882385
1569406304582760,0.424805,-0.166565,0.114502,0.882385
1569406304605697,0.424805,-0.166565,0.114502,0.882385
1569406304620658,0.424805,-0.166626,0.114563,0.882385
1569406304643598,0.424805,-0.166626,0.114563,0.882385
1569406304665538,0.424805,-0.166626,0.114563,0.882385
1569406304680498,0.424805,-0.166687,0.114563,0.882324
1569406304703436,0.4245,-0.166809,0.114624,0.882446
1569406304725376,0.424194,-0.166931,0.114624,0.882568
1569406304740347,0.42395,-0.166931,0.114624,0.88269
1569406304763279,0.42395,-0.166992,0.114624,0.88269
1569406304785218,0.42395,-0.166992,0.114624,0.88269
1569406304800187,0.42395,-0.166992,0.114624,0.88269
1569406304823117,0.42395,-0.167053,0.114624,0.88269
1569406304846055,0.42395,-0.167053,0.114685,0.88269
1569406304860018,0.42395,-0.167114,0.114685,0.88269
1569406304882955,0.42395,-0.167114,0.114685,0.88269
1569406304905895,0.42395,-0.167175,0.114685,0.88269
1569406304919859,0.423889,-0.167175,0.114685,0.88269
1569406304942797,0.42395,-0.167175,0.114746,0.88269
1569406304965736,0.42395,-0.167236,0.114746,0.882629
1569406304979708,0.42395,-0.167236,0.114746,0.882629
1569406305003634,0.42395,-0.167297,0.114746,0.882629
1569406305025578,0.42395,-0.167297,0.114746,0.882629
1569406305039538,0.42395,-0.167358,0.114807,0.882629
1569406305063474,0.42395,-0.167358,0.114807,0.882629
1569406305085417,0.423889,-0.167358,0.114807,0.882629
1569406305100385,0.42395,-0.167419,0.114807,0.882629
1569406305123314,0.42395,-0.167419,0.114807,0.882629
1569406305145265,0.42395,-0.167419,0.114807,0.882629
1569406305167197,0.42395,-0.16748,0.114868,0.882568
1569406305183155,0.423889,-0.167542,0.114868,0.882568
1569406305206095,0.423889,-0.167542,0.114868,0.882568
1569406305228035,0.423889,-0.167542,0.114868,0.882568
1569406305242995,0.423889,-0.167603,0.114868,0.882568
1569406305265933,0.423889,-0.167603,0.114929,0.882568
1569406305286877,0.423889,-0.167664,0.114929,0.882568
1569406305302833,0.423828,-0.167664,0.11499,0.882568
1569406305325773,0.423889,-0.167725,0.11499,0.882568
1569406305346718,0.423889,-0.167725,0.11499,0.882568
1569406305362674,0.423889,-0.167786,0.11499,0.882568
1569406305385613,0.423889,-0.167786,0.11499,0.882507
1569406305415533,0.423889,-0.167847,0.11499,0.882507
1569406305423512,0.423889,-0.167847,0.115051,0.882507
1569406305459426,0.423889,-0.167908,0.115051,0.882507
1569406305474376,0.423889,-0.167908,0.115051,0.882507
1569406305483350,0.423889,-0.167969,0.115051,0.882507
1569406305505294,0.423828,-0.167969,0.115051,0.882507
1569406305527235,0.423828,-0.167969,0.115112,0.882507
1569406305543192,0.423828,-0.16803,0.115112,0.882507
1569406305566140,0.423828,-0.16803,0.115112,0.882507
1569406305594056,0.423828,-0.16803,0.115112,0.882507
1569406305603032,0.423828,-0.168091,0.115173,0.882507
1569406305625972,0.423828,-0.168091,0.115173,0.882507
1569406305647911,0.423828,-0.168152,0.115173,0.882507
1569406305662871,0.423828,-0.168152,0.115173,0.882507
1569406305685812,0.423828,-0.168213,0.115173,0.882446
1569406305708759,0.423828,-0.168213,0.115173,0.882446
1569406305723708,0.423828,-0.168213,0.115234,0.882446
1569406305745652,0.423828,-0.168274,0.115234,0.882446
1569406305768588,0.423828,-0.168274,0.115234,0.882446
1569406305782570,0.423828,-0.168274,0.115234,0.882446
1569406305805495,0.423828,-0.168335,0.115234,0.882446
1569406305828430,0.423828,-0.168335,0.115234,0.882446
1569406305842392,0.423828,-0.168335,0.115295,0.882446
1569406305873310,0.423767,-0.168396,0.115295,0.882446
1569406305888271,0.423767,-0.168396,0.115295,0.882446
1569406305902236,0.423767,-0.168396,0.115295,0.882446
1569406305925173,0.423767,-0.168396,0.115295,0.882446
1569406305948109,0.423767,-0.168457,0.115295,0.882446
1569406305962072,0.423767,-0.168457,0.115356,0.882446
1569406305986008,0.42395,-0.168579,0.115295,0.882324
1569406306007954,0.424011,-0.16864,0.115356,0.882263
1569406306022909,0.424011,-0.168579,0.115356,0.882263
1569406306045848,0.424011,-0.16864,0.115356,0.882263
1569406306067789,0.42395,-0.16864,0.115356,0.882263
1569406306082749,0.42395,-0.16864,0.115356,0.882263
